id,gender,customer_type,age,type_of_travel,customer_class,flight_distance,inflight_wifi_service,departure_arrival_time_convenient,ease_of_online_booking,gate_location,food_and_drink,online_boarding,seat_comfort,inflight_entertainment,onboard_service,leg_room_service,baggage_handling,checkin_service,inflight_service,cleanliness,departure_delay_in_minutes,arrival_delay_in_minutes,satisfaction
10046,male,loyal_customer,50,personal_travel,eco,101,3,5,3,5,2,3,2,2,5,5,5,4,5,2,0,1,not_satisfied
89351,female,loyal_customer,30,personal_travel,eco,860,3,5,3,2,2,NA,2,2,1,1,5,4,2,2,0,0,not_satisfied
63718,male,loyal_customer,52,business_travel,business,3153,2,3,3,3,4,2,3,2,2,2,2,3,2,1,0,0,not_satisfied
106347,male,disloyal_customer,24,business_travel,eco,649,3,2,3,2,4,3,4,4,2,4,3,1,3,4,19,30,not_satisfied
87171,NA,loyal_customer,38,business_travel,business,261,3,3,3,3,1,4,3,3,3,3,3,1,3,1,0,0,not_satisfied
18881,female,loyal_customer,57,business_travel,business,2665,2,2,2,2,3,3,3,2,2,2,2,1,2,1,22,11,not_satisfied
71312,NA,loyal_customer,49,business_travel,eco,1013,3,3,3,3,3,4,3,3,3,3,3,1,3,2,0,0,not_satisfied
48908,female,disloyal_customer,27,business_travel,business,290,2,2,2,3,4,2,5,4,2,5,2,4,3,4,0,0,not_satisfied
121125,NA,loyal_customer,20,personal_travel,eco,259,2,1,2,2,2,2,1,2,4,2,2,1,2,2,14,19,not_satisfied
82854,female,loyal_customer,53,personal_travel,eco,116,2,3,2,3,3,2,2,5,5,2,5,2,5,4,72,66,not_satisfied
70749,NA,loyal_customer,44,business_travel,eco,403,4,2,2,2,4,4,4,4,3,2,3,3,4,4,15,27,not_satisfied
97952,NA,disloyal_customer,40,business_travel,business,2521,2,2,2,4,2,3,3,2,1,4,4,3,1,3,4,0,not_satisfied
84104,NA,disloyal_customer,27,business_travel,eco,2342,1,1,1,3,2,1,2,2,4,3,2,4,3,2,0,2,not_satisfied
2907,female,disloyal_customer,35,business_travel,eco,770,2,2,2,4,2,2,2,2,4,2,3,1,4,2,0,0,not_satisfied
66882,female,loyal_customer,24,personal_travel,eco,484,3,0,3,5,3,3,3,3,4,5,4,3,4,3,20,0,not_satisfied
73318,female,loyal_customer,31,personal_travel,eco,493,4,5,4,4,4,4,4,4,3,5,5,5,5,4,0,1,not_satisfied
48333,NA,loyal_customer,51,business_travel,eco,912,1,0,0,4,1,1,1,1,1,4,3,4,4,1,9,23,not_satisfied
71119,NA,loyal_customer,58,personal_travel,eco,631,2,5,2,5,3,2,3,3,4,3,5,5,4,3,0,0,not_satisfied
84688,female,loyal_customer,52,business_travel,eco,325,4,1,1,1,4,4,4,3,2,4,4,4,2,4,152,181,not_satisfied
107613,female,loyal_customer,38,business_travel,business,192,2,5,5,5,2,3,4,2,2,2,2,1,2,4,0,3,not_satisfied
87193,female,loyal_customer,52,personal_travel,eco,719,1,4,1,3,2,5,4,2,2,1,2,5,2,5,0,0,not_satisfied
51820,female,loyal_customer,43,personal_travel,business,374,3,4,3,3,3,4,1,5,5,3,5,4,5,1,0,0,not_satisfied
21059,NA,loyal_customer,45,personal_travel,eco,2149,2,4,2,4,5,4,4,5,5,2,2,4,5,4,7,0,not_satisfied
8336,female,loyal_customer,32,business_travel,business,1635,4,1,5,1,4,4,4,4,4,1,4,3,3,4,4,0,not_satisfied
8100,female,loyal_customer,8,business_travel,eco_plus,788,3,1,1,1,3,3,2,3,3,2,4,1,4,3,0,8,not_satisfied
2114,female,loyal_customer,13,business_travel,business,930,4,3,5,3,4,4,4,4,3,2,4,4,4,4,8,0,not_satisfied
65813,female,loyal_customer,9,personal_travel,eco,237,1,1,1,3,3,1,3,3,3,3,4,1,3,3,0,0,not_satisfied
88412,male,loyal_customer,57,personal_travel,business,1452,1,5,1,3,5,5,5,5,5,1,5,5,5,5,0,0,not_satisfied
44456,male,loyal_customer,10,personal_travel,eco,550,2,4,2,4,4,2,1,4,NA,1,3,4,3,4,0,0,not_satisfied
103760,male,disloyal_customer,15,business_travel,eco,1024,2,2,2,4,5,NA,5,5,4,4,4,4,3,5,0,0,not_satisfied
21937,female,loyal_customer,11,personal_travel,eco,534,3,5,2,3,2,2,5,2,5,4,4,5,5,2,0,0,not_satisfied
47429,male,loyal_customer,47,personal_travel,eco,226,2,4,2,3,5,2,5,5,4,4,5,3,4,5,3,0,not_satisfied
61317,female,loyal_customer,25,personal_travel,eco,980,4,3,4,4,2,4,2,2,NA,2,3,4,4,2,12,9,not_satisfied
20383,female,disloyal_customer,36,business_travel,eco_plus,325,3,4,4,3,4,4,5,4,2,1,3,2,4,4,8,0,not_satisfied
51135,male,loyal_customer,45,personal_travel,eco,409,2,2,2,3,4,2,4,4,3,4,4,3,3,4,1,0,not_satisfied
94568,male,loyal_customer,24,personal_travel,eco_plus,552,4,5,4,4,2,4,2,2,2,2,2,1,4,2,0,10,not_satisfied
38416,NA,loyal_customer,50,personal_travel,eco_plus,1635,1,4,1,4,3,4,4,3,3,1,5,4,3,5,1,0,not_satisfied
50385,male,loyal_customer,45,business_travel,business,650,2,4,4,4,2,3,3,2,2,2,2,1,2,2,56,73,not_satisfied
28608,male,loyal_customer,42,personal_travel,eco_plus,822,4,4,4,2,1,4,2,1,3,4,5,4,5,1,66,51,not_satisfied
21909,female,loyal_customer,47,personal_travel,eco_plus,460,3,4,1,3,2,1,3,5,5,1,1,4,5,2,1,0,not_satisfied
116994,male,disloyal_customer,26,business_travel,business,431,4,4,5,2,3,5,3,3,4,3,5,4,5,3,7,0,not_satisfied
60037,female,loyal_customer,49,business_travel,business,101,1,4,4,4,3,4,3,2,2,2,1,1,2,3,11,14,not_satisfied
105870,female,loyal_customer,37,personal_travel,eco,2586,1,4,1,5,1,5,5,3,2,4,4,5,4,5,0,0,not_satisfied
41823,male,disloyal_customer,33,business_travel,business,364,4,4,4,5,1,4,1,1,5,5,4,4,5,1,35,30,not_satisfied
64160,female,loyal_customer,26,personal_travel,eco,140,1,0,1,1,1,1,1,1,4,3,5,5,4,1,0,0,not_satisfied
36737,female,loyal_customer,15,personal_travel,business,421,3,2,3,4,2,3,2,2,1,3,4,4,3,2,0,0,not_satisfied
95210,NA,loyal_customer,42,business_travel,business,507,3,3,3,3,3,4,3,3,3,4,3,3,3,4,43,12,not_satisfied
18856,NA,disloyal_customer,28,business_travel,business,448,2,2,2,1,5,2,5,5,3,3,4,3,5,5,30,13,not_satisfied
68596,male,loyal_customer,55,business_travel,eco,222,3,1,4,1,3,3,3,3,4,5,3,4,3,3,0,0,not_satisfied
119689,male,loyal_customer,57,business_travel,business,1947,4,2,2,2,5,2,3,4,4,4,4,1,4,4,0,5,not_satisfied
54342,female,loyal_customer,54,personal_travel,eco,284,3,5,3,2,2,NA,5,1,NA,3,1,3,1,3,0,6,not_satisfied
90479,female,loyal_customer,54,personal_travel,business,977,3,5,3,5,4,5,5,4,4,3,4,3,4,3,0,0,not_satisfied
110906,male,loyal_customer,44,business_travel,business,373,2,4,4,4,3,4,4,2,2,2,2,4,2,1,33,29,not_satisfied
61625,NA,disloyal_customer,23,business_travel,eco,444,4,3,4,4,1,NA,1,1,4,5,3,4,4,1,0,6,not_satisfied
15158,female,loyal_customer,63,personal_travel,eco,936,2,4,2,2,4,4,5,2,2,2,2,5,2,3,7,4,not_satisfied
60448,female,loyal_customer,70,personal_travel,eco,1182,3,4,3,3,5,3,2,4,4,3,4,3,4,1,0,3,not_satisfied
97993,male,loyal_customer,48,personal_travel,eco,1670,4,0,4,3,4,4,3,4,5,2,4,5,4,4,0,0,not_satisfied
66387,female,loyal_customer,24,business_travel,business,3889,1,2,2,2,4,4,1,4,1,2,3,4,4,4,0,27,not_satisfied
6918,male,loyal_customer,31,personal_travel,eco_plus,1067,3,4,3,2,4,3,4,4,NA,3,5,3,4,4,0,10,not_satisfied
108446,male,loyal_customer,33,business_travel,business,468,1,5,5,5,1,1,1,1,NA,1,4,3,3,1,0,0,not_satisfied
28833,female,loyal_customer,12,personal_travel,eco,526,2,4,2,1,1,2,1,1,5,4,5,3,5,1,10,0,not_satisfied
10365,male,disloyal_customer,23,business_travel,eco,251,4,2,4,4,4,4,4,4,3,2,4,4,3,4,13,7,not_satisfied
47738,male,disloyal_customer,29,business_travel,business,1608,3,3,3,1,5,3,5,5,3,3,4,4,5,5,0,0,not_satisfied
114433,female,disloyal_customer,43,business_travel,eco,143,3,5,3,2,2,3,2,2,3,5,2,2,3,2,70,60,not_satisfied
18834,male,loyal_customer,19,personal_travel,eco,588,1,5,1,1,2,1,2,2,5,5,5,4,5,2,6,0,not_satisfied
32052,male,loyal_customer,30,personal_travel,eco,386,4,1,4,3,2,4,2,2,3,5,4,2,4,2,8,1,not_satisfied
95906,NA,loyal_customer,68,personal_travel,eco,383,2,5,2,2,1,2,1,1,3,3,4,4,4,1,0,0,not_satisfied
8804,NA,loyal_customer,40,personal_travel,eco,1020,3,4,3,3,2,3,2,2,5,3,4,3,4,2,7,0,not_satisfied
46856,female,disloyal_customer,24,business_travel,eco,486,2,1,1,4,5,1,5,5,2,2,4,1,4,5,9,0,not_satisfied
3229,male,loyal_customer,38,business_travel,business,603,4,1,1,1,4,3,3,4,4,4,4,3,4,3,40,25,not_satisfied
13646,male,loyal_customer,48,business_travel,eco,667,3,1,1,1,3,3,3,3,1,5,1,2,1,3,0,0,not_satisfied
49066,male,disloyal_customer,36,business_travel,business,1092,2,2,2,1,1,2,1,1,5,4,5,3,4,1,0,0,not_satisfied
85496,NA,disloyal_customer,38,business_travel,business,715,2,2,2,5,2,2,2,2,5,5,4,4,4,2,0,0,not_satisfied
129861,female,disloyal_customer,16,business_travel,eco,1073,2,2,2,1,3,2,3,3,5,1,2,1,5,3,21,3,not_satisfied
89872,male,loyal_customer,31,business_travel,business,500,3,3,3,3,3,3,3,3,1,5,4,2,4,3,0,0,not_satisfied
25111,male,loyal_customer,66,personal_travel,eco,933,4,4,4,1,2,NA,2,2,5,4,5,4,4,2,0,0,not_satisfied
20998,male,loyal_customer,14,personal_travel,eco,859,2,5,2,2,4,2,4,4,3,1,3,4,2,4,5,16,not_satisfied
89091,NA,loyal_customer,60,business_travel,business,338,2,5,5,5,1,3,4,2,2,2,2,3,2,2,0,0,not_satisfied
99812,male,loyal_customer,29,business_travel,eco,1127,1,3,3,3,1,1,1,1,4,5,4,4,4,1,0,0,not_satisfied
117605,male,loyal_customer,65,personal_travel,eco_plus,204,2,5,2,2,1,2,1,1,2,3,1,1,3,1,0,0,not_satisfied
68287,male,loyal_customer,32,personal_travel,eco,1121,2,5,2,3,2,2,2,2,5,2,4,4,5,2,0,0,not_satisfied
100656,female,loyal_customer,60,business_travel,business,430,4,5,5,5,3,3,4,4,4,4,4,2,4,3,0,0,not_satisfied
93804,male,loyal_customer,13,personal_travel,eco,577,3,5,3,4,4,3,4,4,5,2,4,5,4,4,32,21,not_satisfied
124783,female,disloyal_customer,22,business_travel,eco,541,3,4,3,1,4,3,4,4,3,5,2,1,4,4,0,0,not_satisfied
64376,female,loyal_customer,22,personal_travel,eco,956,3,5,3,1,4,3,4,4,NA,5,4,5,4,4,2,0,not_satisfied
6383,female,disloyal_customer,22,personal_travel,eco,802,2,4,1,2,3,1,3,3,2,4,3,3,2,3,11,0,not_satisfied
99950,female,loyal_customer,24,personal_travel,eco,2583,4,3,4,3,5,4,5,5,3,5,3,2,2,5,0,0,not_satisfied
128864,female,loyal_customer,58,personal_travel,eco,228,2,4,2,1,4,4,4,5,5,2,5,5,5,3,0,0,not_satisfied
97883,female,loyal_customer,25,personal_travel,eco,349,2,2,2,3,5,2,5,5,4,4,4,3,3,5,31,27,not_satisfied
99905,male,disloyal_customer,37,business_travel,eco,1000,2,3,3,2,2,3,2,2,3,2,1,4,5,2,0,0,not_satisfied
10800,male,disloyal_customer,23,business_travel,business,305,2,1,2,1,4,2,4,4,3,4,2,1,2,4,33,23,not_satisfied
126730,male,loyal_customer,41,personal_travel,eco,788,2,4,2,5,2,2,2,2,5,3,4,4,4,2,7,2,not_satisfied
65016,NA,disloyal_customer,34,business_travel,business,920,1,1,1,1,5,1,5,5,3,4,5,3,5,5,81,120,not_satisfied
59187,male,loyal_customer,24,business_travel,business,2348,3,4,4,4,3,NA,3,3,1,3,1,3,2,3,8,17,not_satisfied
22752,female,loyal_customer,21,business_travel,business,628,2,5,5,5,2,NA,2,2,1,1,4,4,4,2,1,8,not_satisfied
9359,female,loyal_customer,8,personal_travel,eco,197,2,4,2,3,4,2,4,4,4,3,5,4,4,4,0,1,not_satisfied
23810,female,loyal_customer,41,business_travel,eco_plus,1299,2,4,4,4,2,4,3,2,2,2,2,3,2,3,0,0,not_satisfied
14986,female,loyal_customer,41,personal_travel,eco,366,2,5,4,3,2,4,2,2,3,4,1,1,4,2,0,0,not_satisfied
4008,NA,disloyal_customer,27,business_travel,business,1576,2,2,2,3,3,2,4,3,4,2,5,5,4,3,0,0,not_satisfied
124487,NA,loyal_customer,55,business_travel,business,612,4,3,3,3,5,4,3,4,4,4,4,3,4,2,14,19,not_satisfied
67058,female,loyal_customer,64,personal_travel,eco,405,3,4,3,4,5,NA,5,1,1,3,1,3,1,4,0,0,not_satisfied
77131,male,loyal_customer,18,business_travel,business,2935,2,4,4,4,1,1,2,1,2,3,4,2,3,1,0,0,not_satisfied
83889,male,loyal_customer,68,personal_travel,eco,265,4,2,4,4,5,NA,5,5,4,5,2,2,3,5,0,1,not_satisfied
74743,female,loyal_customer,49,personal_travel,eco,236,2,4,2,3,4,4,5,4,4,2,4,3,4,5,0,0,not_satisfied
108838,NA,loyal_customer,17,business_travel,eco_plus,370,3,3,3,3,3,3,4,3,1,2,3,4,3,3,12,14,not_satisfied
87360,male,loyal_customer,10,personal_travel,eco,1303,2,4,2,4,1,2,1,1,3,4,4,4,4,1,14,0,not_satisfied
126331,male,loyal_customer,49,personal_travel,eco,931,2,5,2,3,5,2,5,5,3,3,5,4,4,5,50,36,not_satisfied
65627,female,disloyal_customer,22,business_travel,eco,368,4,5,4,4,1,4,1,1,3,4,5,4,4,1,0,0,not_satisfied
11145,male,loyal_customer,9,personal_travel,eco,584,3,5,3,1,1,3,2,1,5,4,2,3,1,1,0,0,not_satisfied
71441,female,loyal_customer,32,business_travel,business,1558,4,5,5,5,4,4,4,4,2,2,3,4,2,4,24,16,not_satisfied
106485,female,loyal_customer,63,personal_travel,business,2475,4,1,4,3,4,3,2,2,2,4,2,1,2,3,0,0,not_satisfied
52376,male,loyal_customer,47,personal_travel,eco,700,3,4,3,4,3,3,4,3,4,2,4,5,1,3,0,0,not_satisfied
76554,female,disloyal_customer,40,business_travel,business,689,1,1,1,4,5,1,5,5,3,4,3,2,4,5,0,0,not_satisfied
51144,female,disloyal_customer,25,business_travel,business,551,2,4,2,1,1,2,1,1,4,3,5,5,4,1,5,8,not_satisfied
63158,male,loyal_customer,47,business_travel,eco,599,1,2,5,2,1,1,1,1,1,3,3,3,3,1,96,85,not_satisfied
25453,NA,loyal_customer,33,personal_travel,eco,528,3,4,3,2,2,3,2,2,3,2,5,4,5,2,25,77,not_satisfied
74579,male,disloyal_customer,37,business_travel,business,362,3,3,3,4,4,3,4,4,3,2,3,4,4,4,0,21,not_satisfied
107515,male,loyal_customer,19,personal_travel,business,237,2,5,2,1,2,2,2,2,3,3,5,4,4,2,0,0,not_satisfied
28862,male,loyal_customer,33,business_travel,eco,1023,4,1,1,1,4,4,4,4,1,5,3,1,3,4,0,0,not_satisfied
56963,male,disloyal_customer,26,business_travel,business,717,3,3,3,4,1,3,2,1,5,3,5,5,4,1,0,0,not_satisfied
2978,NA,loyal_customer,66,personal_travel,business,977,3,4,3,1,5,4,4,4,4,3,4,3,4,4,29,28,not_satisfied
108947,female,disloyal_customer,22,business_travel,eco,761,1,1,1,3,1,1,1,1,1,3,3,2,2,1,7,0,not_satisfied
26744,male,loyal_customer,68,personal_travel,eco,409,1,2,1,3,3,1,3,3,4,2,4,1,3,3,0,0,not_satisfied
30289,NA,loyal_customer,45,personal_travel,eco,588,1,5,1,4,4,1,3,4,5,3,4,5,4,4,0,0,not_satisfied
14046,male,loyal_customer,49,personal_travel,eco,296,3,5,3,4,1,3,1,1,3,5,5,5,5,1,0,3,not_satisfied
98960,female,loyal_customer,45,business_travel,business,337,4,1,1,1,5,4,4,4,4,4,4,3,4,2,0,22,not_satisfied
127866,female,loyal_customer,59,personal_travel,eco,683,3,5,3,3,2,4,5,1,1,3,1,4,1,5,0,0,not_satisfied
5509,male,loyal_customer,39,personal_travel,eco,2454,3,5,3,3,3,4,4,5,2,2,4,4,4,4,0,0,not_satisfied
111578,male,loyal_customer,37,business_travel,business,1856,2,5,5,5,3,4,4,2,2,2,2,3,2,4,91,83,not_satisfied
38239,female,loyal_customer,52,personal_travel,eco,414,4,4,4,5,1,4,4,3,3,4,3,3,3,2,0,0,not_satisfied
20084,male,loyal_customer,25,personal_travel,eco_plus,101,2,1,2,3,5,2,5,5,1,5,3,1,3,5,0,0,not_satisfied
29109,female,loyal_customer,54,personal_travel,eco,544,2,4,2,3,2,NA,3,3,3,2,3,2,3,2,0,0,not_satisfied
7215,male,loyal_customer,47,business_travel,business,1189,2,1,1,1,5,4,3,2,2,2,2,3,2,2,0,7,not_satisfied
122241,NA,loyal_customer,37,business_travel,eco,391,4,1,1,1,4,4,4,4,4,2,2,3,2,4,6,0,not_satisfied
78728,male,disloyal_customer,25,business_travel,eco,169,3,0,3,4,3,3,3,3,1,3,5,2,2,3,15,NA,not_satisfied
32017,NA,loyal_customer,23,personal_travel,eco_plus,1754,3,4,4,2,3,4,4,3,4,2,4,4,3,3,7,1,not_satisfied
76719,male,disloyal_customer,39,business_travel,eco,944,2,2,2,4,2,2,2,2,4,1,2,4,5,2,0,0,not_satisfied
72193,male,loyal_customer,15,personal_travel,eco,1189,3,5,3,2,1,3,1,1,4,2,5,4,5,1,0,0,not_satisfied
74556,male,loyal_customer,34,personal_travel,eco,231,3,4,3,4,1,3,5,1,4,5,4,4,4,1,4,0,not_satisfied
74953,male,loyal_customer,49,personal_travel,eco,972,2,5,2,5,5,NA,5,5,4,4,5,4,4,5,0,0,not_satisfied
40645,female,disloyal_customer,35,business_travel,business,342,2,2,2,4,1,2,1,1,3,5,5,3,5,1,4,1,not_satisfied
28394,male,disloyal_customer,24,business_travel,eco,386,2,3,1,4,3,1,4,3,3,4,3,2,4,3,0,0,not_satisfied
66663,male,disloyal_customer,22,business_travel,eco,542,3,4,3,4,5,3,5,5,1,3,3,1,3,5,0,0,not_satisfied
74758,female,loyal_customer,21,personal_travel,eco,931,4,4,3,1,5,3,5,5,5,2,5,3,4,5,24,22,not_satisfied
107657,female,loyal_customer,42,personal_travel,business,814,3,1,2,3,5,3,4,2,2,2,4,2,2,2,0,0,not_satisfied
99612,female,loyal_customer,43,personal_travel,eco,67,1,4,1,3,3,5,4,4,4,1,4,5,4,3,0,0,not_satisfied
104932,NA,disloyal_customer,44,business_travel,eco,391,1,5,2,3,4,2,4,4,5,2,1,1,1,4,0,2,not_satisfied
60147,NA,disloyal_customer,21,business_travel,eco,341,3,4,3,2,4,3,4,4,2,5,4,3,2,4,0,0,not_satisfied
712,male,loyal_customer,33,business_travel,business,236,1,3,3,3,1,1,1,1,4,1,4,1,4,1,2,0,not_satisfied
38065,female,loyal_customer,42,business_travel,eco,816,3,1,1,1,1,3,4,3,3,3,3,2,3,4,0,0,not_satisfied
27163,female,loyal_customer,24,personal_travel,eco,337,4,1,4,3,1,4,5,1,3,2,3,4,3,1,0,0,not_satisfied
34769,NA,disloyal_customer,47,business_travel,eco,56,3,3,3,3,1,3,1,1,3,4,3,1,3,1,36,26,not_satisfied
11512,male,disloyal_customer,21,business_travel,business,1185,2,4,2,3,4,2,4,4,3,3,4,4,3,4,0,0,not_satisfied
47861,female,disloyal_customer,36,business_travel,eco,359,3,1,3,4,3,3,3,3,3,1,4,3,4,3,42,35,not_satisfied
19185,NA,loyal_customer,25,business_travel,business,1500,2,2,2,2,2,2,2,2,2,4,2,4,1,2,53,44,not_satisfied
48608,NA,disloyal_customer,23,business_travel,eco,292,3,2,3,3,4,3,4,4,4,2,4,4,3,4,111,113,not_satisfied
93851,NA,disloyal_customer,25,business_travel,eco,948,3,3,3,4,5,3,5,5,1,5,3,4,3,5,5,2,not_satisfied
63376,female,disloyal_customer,27,business_travel,eco_plus,737,1,1,1,3,4,1,1,4,5,3,2,3,2,4,NA,NA,not_satisfied
16617,male,loyal_customer,58,personal_travel,eco,240,3,2,3,2,3,3,3,3,1,4,3,1,3,3,1,0,not_satisfied
37877,female,loyal_customer,35,business_travel,eco,1428,2,5,3,3,2,3,2,2,3,2,3,4,3,2,0,0,not_satisfied
94031,male,loyal_customer,32,business_travel,business,1389,2,2,2,2,5,5,5,5,4,5,5,5,5,5,67,79,satisfied
1431,female,loyal_customer,43,business_travel,business,2899,0,0,0,5,4,5,5,2,2,2,2,3,2,4,6,0,satisfied
42411,NA,loyal_customer,53,business_travel,business,2694,1,1,1,1,3,5,4,4,4,4,4,3,4,3,0,0,satisfied
33339,female,loyal_customer,25,business_travel,eco,2419,5,5,5,5,5,5,4,5,3,3,5,3,4,5,3,2,satisfied
67187,female,loyal_customer,58,personal_travel,eco,421,0,3,0,3,3,3,3,4,4,0,4,3,4,3,0,0,satisfied
35863,male,loyal_customer,51,business_travel,business,3912,5,5,5,5,4,5,4,4,4,4,4,3,4,5,0,0,satisfied
57008,NA,loyal_customer,42,business_travel,business,1024,2,2,3,2,2,4,4,4,4,4,4,4,4,3,50,42,satisfied
64748,male,loyal_customer,44,business_travel,business,946,1,1,1,1,2,5,4,5,5,5,5,3,5,4,8,5,satisfied
114440,male,loyal_customer,29,business_travel,business,403,1,1,1,1,5,5,5,5,3,1,3,2,4,5,21,4,satisfied
2067,female,loyal_customer,35,business_travel,business,577,2,2,2,2,5,5,4,4,4,4,4,5,4,5,21,7,satisfied
74196,female,loyal_customer,38,business_travel,business,2861,5,5,5,5,3,5,5,5,5,5,5,5,5,5,19,12,satisfied
77220,male,loyal_customer,23,business_travel,business,1660,2,2,2,2,5,5,5,5,1,3,3,2,4,5,1,5,satisfied
62523,female,loyal_customer,31,business_travel,business,1802,4,4,5,4,4,5,4,4,2,4,5,2,1,4,4,0,satisfied
22237,male,loyal_customer,40,business_travel,eco,539,4,3,3,3,4,4,4,4,5,4,1,4,4,4,0,0,satisfied
75657,female,loyal_customer,42,business_travel,business,3431,3,3,3,3,2,5,5,5,5,5,5,5,5,5,0,11,satisfied
96029,male,loyal_customer,60,business_travel,business,2131,1,1,1,1,2,5,4,4,4,4,4,4,4,3,12,0,satisfied
102377,NA,loyal_customer,36,business_travel,eco_plus,1249,4,5,5,5,4,4,4,4,1,3,5,5,2,4,16,0,satisfied
81947,male,loyal_customer,60,business_travel,business,1635,2,2,2,2,3,5,5,4,4,4,4,4,4,3,0,3,satisfied
775,female,loyal_customer,50,business_travel,business,2731,4,4,4,4,3,NA,5,5,5,5,5,3,5,4,0,0,satisfied
48531,NA,disloyal_customer,26,business_travel,business,621,5,5,5,3,3,5,3,3,5,5,4,5,5,3,68,54,satisfied
122598,female,loyal_customer,46,business_travel,business,2446,5,5,5,5,2,3,4,4,4,4,4,5,4,4,0,0,satisfied
119695,male,loyal_customer,36,business_travel,business,1761,5,5,5,5,4,5,4,4,4,4,5,4,4,3,0,11,satisfied
57101,male,loyal_customer,33,business_travel,business,2860,3,3,4,3,4,4,4,4,5,4,5,3,5,4,0,7,satisfied
109248,male,loyal_customer,36,business_travel,business,3615,4,4,2,4,3,5,5,4,4,4,4,4,4,5,0,0,satisfied
4463,female,loyal_customer,25,business_travel,business,2192,3,1,3,3,3,3,3,3,5,1,3,2,3,3,0,0,satisfied
102420,male,loyal_customer,42,business_travel,business,197,5,5,5,5,3,5,4,5,5,5,5,3,5,3,0,0,satisfied
114966,male,loyal_customer,17,business_travel,business,3481,1,1,1,1,5,4,5,5,3,2,5,4,5,5,0,0,satisfied
128487,male,loyal_customer,40,business_travel,business,1346,5,1,5,5,5,4,4,4,4,4,4,4,4,5,0,13,satisfied
41549,male,loyal_customer,48,business_travel,business,532,1,1,1,1,2,5,5,5,5,4,5,3,5,3,0,0,satisfied
81429,female,loyal_customer,46,business_travel,business,3358,3,3,3,3,1,5,2,5,5,5,5,4,5,4,6,0,satisfied
124119,female,loyal_customer,31,business_travel,business,3477,1,1,1,1,4,4,4,4,4,2,5,3,4,4,36,34,satisfied
15008,female,loyal_customer,38,business_travel,eco_plus,748,5,5,5,5,5,5,5,5,2,2,5,1,1,5,44,65,satisfied
33352,male,loyal_customer,39,business_travel,eco,740,4,2,2,2,4,4,4,4,1,1,4,2,2,4,3,0,satisfied
103683,female,disloyal_customer,24,business_travel,eco_plus,241,0,2,0,3,2,0,1,2,3,4,2,5,3,2,1,0,satisfied
119529,male,loyal_customer,34,business_travel,eco_plus,1499,3,1,1,1,3,4,3,3,1,1,1,3,5,3,1,0,satisfied
105938,female,disloyal_customer,16,business_travel,eco,784,0,0,0,2,1,0,1,1,5,5,4,4,4,1,0,0,satisfied
123880,NA,loyal_customer,35,business_travel,business,2611,2,2,2,2,3,3,3,5,3,4,5,3,5,3,0,0,satisfied
18399,female,loyal_customer,46,business_travel,business,201,5,5,5,5,5,4,5,5,5,5,5,5,5,5,NA,6,satisfied
1667,female,disloyal_customer,25,business_travel,business,920,0,0,1,1,1,1,1,1,4,3,4,5,5,1,0,0,satisfied
14881,female,loyal_customer,49,business_travel,business,888,3,3,3,3,5,4,4,4,4,4,4,4,4,4,4,0,satisfied
35284,female,loyal_customer,56,business_travel,business,3078,3,2,3,3,5,4,5,5,5,5,5,4,5,4,13,0,satisfied
39007,female,loyal_customer,41,business_travel,business,331,3,3,3,3,5,5,5,5,5,5,5,3,5,3,53,50,satisfied
85597,NA,loyal_customer,39,business_travel,business,2176,2,2,2,2,3,4,5,4,4,4,4,3,4,3,0,0,satisfied
51897,female,loyal_customer,46,business_travel,business,2645,1,1,1,1,3,4,5,4,4,4,4,5,4,3,0,0,satisfied
90524,female,loyal_customer,33,business_travel,business,1379,3,3,3,3,5,5,5,4,4,4,4,4,4,3,3,0,satisfied
25509,female,disloyal_customer,46,business_travel,eco_plus,371,4,4,4,3,2,4,2,2,3,2,3,3,1,2,0,0,satisfied
49276,female,loyal_customer,47,business_travel,business,2157,0,1,1,1,5,4,5,5,5,5,5,3,5,3,0,0,satisfied
59196,female,loyal_customer,33,business_travel,business,3850,0,0,0,5,3,5,5,3,3,3,3,4,3,4,11,6,satisfied
125258,NA,loyal_customer,43,business_travel,business,383,5,3,5,5,4,5,5,5,5,5,5,3,5,5,0,0,satisfied
39106,female,loyal_customer,32,personal_travel,eco_plus,383,0,4,0,3,4,0,4,4,5,5,5,5,4,4,0,0,satisfied
76358,NA,loyal_customer,47,business_travel,business,2200,2,2,2,2,5,5,4,4,4,4,5,5,4,5,0,0,satisfied
8699,male,loyal_customer,46,business_travel,business,2771,0,0,0,2,1,3,4,3,3,3,3,3,3,1,0,0,satisfied
324,male,loyal_customer,28,business_travel,business,1087,1,1,3,1,5,NA,5,5,3,2,4,5,5,5,0,0,satisfied
36740,male,loyal_customer,51,business_travel,business,2048,1,1,1,1,3,5,5,4,4,4,4,5,4,3,0,0,satisfied
82175,female,loyal_customer,52,business_travel,business,1400,4,4,4,4,5,4,3,3,3,4,3,1,3,1,27,0,satisfied
14195,male,loyal_customer,33,business_travel,business,3891,3,3,3,3,5,5,5,5,4,4,1,1,4,5,84,79,satisfied
67065,female,loyal_customer,45,business_travel,business,3813,2,2,2,2,4,5,4,4,4,4,4,4,4,3,0,2,satisfied
81342,male,disloyal_customer,20,business_travel,business,401,0,0,0,5,2,0,2,2,5,3,4,3,4,2,90,83,satisfied
54196,female,loyal_customer,36,business_travel,business,3299,2,2,3,2,4,1,1,5,5,5,5,4,5,3,0,0,satisfied
87524,NA,loyal_customer,21,business_travel,eco_plus,1598,0,3,0,2,1,NA,1,1,4,5,3,3,3,1,0,5,satisfied
16966,male,loyal_customer,45,business_travel,business,2233,5,5,4,5,4,4,4,5,5,5,5,5,5,3,12,0,satisfied
69297,male,loyal_customer,58,business_travel,business,427,2,2,2,2,4,4,5,5,5,5,5,4,5,3,0,0,satisfied
40551,NA,disloyal_customer,22,business_travel,eco,1415,3,3,3,4,1,NA,2,1,1,1,5,5,2,1,0,0,satisfied
18609,female,loyal_customer,47,business_travel,business,2309,4,4,2,4,5,4,4,4,4,4,4,4,4,3,0,0,satisfied
96949,male,loyal_customer,46,business_travel,business,3714,5,5,5,5,3,4,5,4,4,4,4,3,4,5,0,1,satisfied
122474,female,loyal_customer,48,business_travel,business,946,3,3,3,3,4,5,4,5,5,5,5,4,5,4,0,5,satisfied
7359,female,disloyal_customer,25,business_travel,business,997,0,2,0,2,3,0,3,3,5,5,5,4,5,3,38,49,satisfied
47538,male,loyal_customer,44,business_travel,eco,788,5,5,4,4,5,5,5,5,NA,1,3,4,1,5,0,0,satisfied
50318,female,loyal_customer,55,business_travel,business,3077,4,4,4,4,1,3,1,5,5,5,5,3,5,4,0,0,satisfied
110480,male,loyal_customer,28,business_travel,business,210,5,5,5,5,4,4,4,4,5,5,5,3,3,4,98,102,satisfied
3736,male,loyal_customer,25,business_travel,business,1579,3,3,3,3,5,5,5,5,5,5,4,5,5,5,240,280,satisfied
128428,NA,loyal_customer,55,business_travel,business,1491,4,4,4,4,3,NA,4,5,5,5,5,3,5,3,0,0,satisfied
103206,male,loyal_customer,39,business_travel,business,883,5,5,5,5,5,4,5,4,4,4,4,4,4,4,3,38,satisfied
98331,male,loyal_customer,25,business_travel,business,3904,4,4,1,4,5,5,5,5,3,3,4,4,5,5,0,0,satisfied
17197,female,disloyal_customer,29,business_travel,eco,1035,4,4,4,3,2,4,2,2,1,3,1,2,2,2,42,21,satisfied
66487,female,loyal_customer,42,business_travel,business,1620,3,3,5,3,5,5,5,5,5,4,5,5,5,5,3,5,satisfied
46378,male,disloyal_customer,25,business_travel,eco,1127,5,5,5,2,3,5,3,3,4,3,5,5,4,3,0,0,satisfied
85907,male,loyal_customer,60,business_travel,business,226,0,0,0,2,4,5,5,4,4,4,4,3,4,3,0,0,satisfied
108265,male,loyal_customer,50,business_travel,business,3091,3,3,3,3,3,5,4,5,NA,5,5,5,5,4,0,0,satisfied
111801,female,loyal_customer,39,business_travel,business,1990,1,1,4,1,4,NA,5,3,3,4,3,4,3,3,0,11,satisfied
28928,male,loyal_customer,44,business_travel,business,563,1,1,1,1,3,5,2,3,3,4,3,1,3,2,0,0,satisfied
72242,male,loyal_customer,45,business_travel,business,3640,3,3,3,3,5,NA,2,5,5,5,5,3,5,4,77,64,satisfied
20347,male,loyal_customer,31,business_travel,eco_plus,581,5,4,3,4,5,5,5,5,3,3,3,3,3,5,0,0,satisfied
74643,male,loyal_customer,41,business_travel,business,612,3,3,5,3,5,2,2,4,4,5,4,1,4,1,0,0,satisfied
101352,female,loyal_customer,48,business_travel,business,1616,2,2,2,2,2,4,5,3,3,3,3,3,3,4,0,11,satisfied
5382,male,loyal_customer,36,business_travel,eco,129,4,1,1,1,4,4,4,4,2,4,3,3,2,4,0,0,satisfied
104567,NA,disloyal_customer,24,business_travel,business,731,0,0,0,3,1,NA,1,1,3,4,5,3,4,1,10,19,satisfied
128330,male,disloyal_customer,27,business_travel,business,405,5,5,5,3,3,5,3,3,4,5,4,4,4,3,0,0,satisfied
117564,male,loyal_customer,24,business_travel,eco_plus,1448,4,5,5,5,4,4,5,4,3,2,3,1,3,4,1,0,satisfied
1938,female,loyal_customer,29,business_travel,business,542,5,3,5,5,5,4,5,5,1,3,4,3,5,5,0,0,satisfied
66745,female,loyal_customer,42,business_travel,business,2874,4,4,4,4,1,4,4,5,5,5,5,3,5,2,2,0,satisfied
93821,female,disloyal_customer,85,business_travel,business,67,4,4,4,3,4,NA,4,2,1,5,4,4,4,4,0,0,satisfied
48958,male,loyal_customer,45,business_travel,business,3234,2,2,2,2,2,4,5,2,2,2,2,3,2,4,0,4,satisfied
26714,male,loyal_customer,56,business_travel,business,1426,4,4,4,4,2,4,5,4,4,3,4,4,4,3,0,11,satisfied
68208,female,disloyal_customer,22,business_travel,business,684,4,0,4,2,2,4,2,2,5,4,4,5,4,2,40,46,satisfied
55488,male,loyal_customer,40,business_travel,business,2330,2,2,5,2,2,4,4,4,4,4,4,4,4,3,0,0,satisfied
102276,male,loyal_customer,59,business_travel,business,1969,2,2,2,2,2,3,5,5,5,5,5,4,5,3,0,0,satisfied
102595,male,loyal_customer,66,personal_travel,eco,1073,4,4,4,2,3,4,2,3,5,5,4,3,5,3,43,11,satisfied
54216,male,loyal_customer,48,business_travel,business,2521,1,1,1,1,5,3,4,4,4,4,4,4,4,3,0,0,satisfied
128703,male,loyal_customer,58,business_travel,business,2470,3,3,3,3,3,4,5,5,5,5,5,5,5,4,17,8,satisfied
113748,male,loyal_customer,45,business_travel,business,1096,4,4,4,4,3,4,4,5,5,5,5,4,5,5,0,0,satisfied
31202,female,disloyal_customer,23,business_travel,eco,1147,4,4,4,4,5,4,5,5,5,5,4,3,5,5,0,0,satisfied
37912,female,loyal_customer,35,business_travel,business,3579,2,2,2,2,2,4,4,5,5,5,5,4,5,5,70,57,satisfied
25103,NA,loyal_customer,46,business_travel,business,3073,2,2,1,2,4,5,5,5,5,5,5,4,5,4,3,0,satisfied
28329,female,loyal_customer,51,business_travel,business,2334,3,3,3,3,2,NA,4,5,5,5,5,3,5,4,28,12,satisfied
123339,female,loyal_customer,20,business_travel,business,2862,2,2,2,2,5,5,5,5,3,3,5,4,4,5,0,0,satisfied
98862,female,loyal_customer,54,business_travel,business,1598,5,5,5,5,3,3,4,5,5,5,5,4,5,4,3,0,satisfied
113730,female,loyal_customer,31,business_travel,business,2331,2,2,2,2,5,5,5,5,3,1,5,3,5,5,1,8,satisfied
17217,male,loyal_customer,58,business_travel,business,453,3,3,3,3,4,4,4,5,5,5,5,4,5,5,0,0,satisfied
80870,NA,loyal_customer,54,business_travel,eco,2172,4,4,4,4,1,4,2,4,4,4,4,4,4,3,0,0,satisfied
9622,NA,loyal_customer,56,personal_travel,NA,626,4,5,5,3,2,5,2,2,3,3,5,3,4,2,82,92,satisfied
83608,female,loyal_customer,34,business_travel,business,157,4,5,4,4,1,3,4,4,4,4,5,1,4,1,59,58,satisfied
125225,NA,disloyal_customer,38,business_travel,business,1183,4,4,4,3,2,4,2,2,5,4,5,4,5,2,29,13,satisfied
80740,female,disloyal_customer,24,business_travel,eco,402,0,3,0,3,1,3,1,1,3,4,5,4,4,1,0,0,satisfied
2655,male,loyal_customer,56,business_travel,business,2724,3,5,3,3,5,5,5,3,3,5,4,5,5,5,6,0,satisfied
115082,male,loyal_customer,50,business_travel,eco,991,4,3,3,3,4,4,4,4,NA,1,2,4,4,4,0,33,satisfied
95595,NA,loyal_customer,35,personal_travel,business,1185,4,4,4,4,2,3,4,2,2,4,2,4,2,3,0,0,satisfied
99954,male,loyal_customer,34,business_travel,business,1868,4,4,4,4,4,5,5,4,4,4,4,5,4,4,0,0,satisfied
61057,NA,loyal_customer,54,business_travel,business,3621,2,2,2,2,5,5,4,2,2,3,2,4,2,5,0,0,satisfied
123906,male,loyal_customer,50,business_travel,business,1448,3,3,3,3,4,5,4,2,2,2,2,5,2,5,10,2,satisfied
39872,male,loyal_customer,58,business_travel,business,3050,4,4,4,4,4,5,5,2,2,2,2,4,2,3,64,62,satisfied
107437,female,loyal_customer,49,business_travel,business,446,5,5,5,5,2,4,4,4,4,4,4,3,4,5,5,4,satisfied
35064,male,loyal_customer,52,business_travel,eco,113,5,3,3,3,4,5,4,4,2,3,2,3,5,4,71,96,satisfied
15713,female,loyal_customer,47,business_travel,business,845,1,1,1,1,4,5,4,5,5,5,5,5,5,3,20,17,satisfied
12459,NA,disloyal_customer,23,business_travel,eco,978,4,4,4,1,1,4,1,1,2,1,2,4,2,1,0,0,satisfied
25624,male,loyal_customer,36,business_travel,business,127,0,5,0,4,3,1,3,1,1,1,1,1,1,1,0,0,satisfied
25621,male,loyal_customer,41,business_travel,business,3340,1,1,1,1,5,3,5,4,4,4,4,2,4,5,0,0,satisfied
88691,male,loyal_customer,34,business_travel,business,2778,1,1,1,1,5,5,5,5,5,5,5,5,5,5,0,0,satisfied
84163,male,loyal_customer,34,business_travel,business,1907,1,1,5,1,4,4,1,4,4,4,4,3,4,3,10,0,satisfied
65598,male,loyal_customer,41,business_travel,business,1514,4,4,4,4,2,5,5,4,4,4,4,4,4,4,NA,27,satisfied
81275,male,loyal_customer,61,business_travel,business,3502,3,3,3,3,2,3,3,5,NA,5,5,2,5,1,0,0,satisfied
89361,NA,loyal_customer,41,business_travel,business,728,5,5,5,5,5,5,5,2,2,2,2,3,2,5,0,0,satisfied
72776,female,loyal_customer,44,business_travel,eco,191,2,4,4,4,3,1,3,2,2,2,2,3,2,1,1,0,satisfied
107881,NA,loyal_customer,28,business_travel,eco_plus,1182,0,0,0,2,3,0,3,3,3,5,2,5,4,3,31,20,satisfied
45666,NA,loyal_customer,37,business_travel,business,1199,3,3,2,3,2,4,5,3,3,2,3,4,3,1,0,14,satisfied
19811,NA,loyal_customer,59,business_travel,business,647,4,4,4,4,2,1,2,4,4,4,4,3,4,4,91,74,satisfied
70833,female,loyal_customer,23,business_travel,eco_plus,901,0,5,0,5,3,0,1,3,4,3,4,5,1,3,9,3,satisfied
32977,female,loyal_customer,41,business_travel,business,1973,2,2,2,2,5,5,5,2,2,3,2,3,2,3,15,0,satisfied
44978,male,loyal_customer,42,business_travel,business,480,4,4,4,4,2,5,5,4,4,4,4,3,4,5,0,0,satisfied
7604,male,loyal_customer,60,business_travel,business,130,4,4,4,4,3,5,4,4,4,4,5,3,4,3,0,0,satisfied
18544,male,disloyal_customer,12,business_travel,business,1121,5,0,5,1,3,0,3,3,2,4,5,3,5,3,22,3,satisfied
124342,male,loyal_customer,39,business_travel,business,985,1,1,1,1,3,4,5,4,4,5,4,3,4,3,0,7,satisfied
88130,female,disloyal_customer,54,business_travel,eco,238,4,4,4,4,2,4,2,2,5,4,1,3,1,2,91,81,satisfied
4448,NA,loyal_customer,40,business_travel,business,872,1,1,1,1,2,4,4,4,4,4,4,3,4,4,0,3,satisfied
110040,NA,disloyal_customer,21,business_travel,eco,588,0,0,0,2,3,0,3,3,3,4,1,2,5,3,0,0,satisfied
9348,female,loyal_customer,40,business_travel,business,2400,4,4,3,4,2,4,2,2,2,2,2,3,2,1,0,0,satisfied
63350,female,loyal_customer,64,business_travel,business,3143,2,2,2,2,5,5,5,5,5,5,5,4,5,5,0,0,satisfied
68226,female,loyal_customer,63,business_travel,business,3828,0,0,0,1,5,5,4,1,1,1,1,5,1,3,0,0,satisfied
85488,male,loyal_customer,40,business_travel,business,3970,2,2,2,2,5,4,5,4,4,4,4,3,4,5,46,23,satisfied
79888,female,loyal_customer,39,business_travel,business,3974,2,2,2,2,4,4,5,4,4,4,4,4,4,3,0,0,satisfied
84832,female,loyal_customer,37,business_travel,eco,397,4,5,5,5,4,4,4,4,1,2,5,3,2,4,0,0,satisfied
6209,male,loyal_customer,17,personal_travel,eco_plus,431,0,4,0,4,1,0,3,1,4,3,5,5,5,1,0,0,satisfied
55772,NA,loyal_customer,52,business_travel,eco,308,5,1,1,1,5,5,5,5,2,1,5,3,5,5,0,0,satisfied
120858,female,loyal_customer,50,business_travel,business,125,4,4,4,4,4,4,4,5,5,5,4,4,5,3,0,0,satisfied
91808,female,loyal_customer,49,business_travel,business,2035,1,1,1,1,2,NA,4,3,3,3,3,3,3,4,0,0,satisfied
114306,male,loyal_customer,51,personal_travel,eco,164,5,4,5,3,1,5,1,1,3,2,5,5,5,1,0,11,satisfied
106323,male,disloyal_customer,13,business_travel,eco,2288,4,4,4,1,4,2,2,4,1,4,3,2,5,2,7,32,satisfied
85639,male,loyal_customer,53,business_travel,business,2586,1,1,1,1,3,4,5,5,5,5,5,3,5,5,0,0,satisfied
17157,male,loyal_customer,41,personal_travel,eco,722,0,4,0,4,3,0,3,3,1,2,1,3,5,3,0,0,satisfied
92430,female,loyal_customer,23,business_travel,business,3888,1,1,1,1,5,5,5,5,4,4,4,4,5,5,0,0,satisfied
52026,female,loyal_customer,57,business_travel,business,429,5,5,3,5,1,2,1,4,4,4,4,1,4,3,0,0,satisfied
84069,female,loyal_customer,54,business_travel,business,475,1,1,1,1,2,4,4,4,4,4,4,4,4,3,0,0,satisfied
129117,female,disloyal_customer,21,business_travel,business,223,5,2,5,5,5,5,2,5,4,4,4,5,4,5,0,0,satisfied
83301,female,disloyal_customer,18,business_travel,eco_plus,1225,5,0,5,5,2,5,2,2,1,1,2,2,5,2,0,5,satisfied
55773,male,loyal_customer,49,personal_travel,eco,1183,4,4,4,3,4,4,4,4,3,4,4,5,5,4,0,0,satisfied
114423,female,loyal_customer,31,personal_travel,eco,305,5,1,5,3,5,5,5,5,3,1,3,3,4,5,0,0,satisfied
90085,male,loyal_customer,63,personal_travel,eco,371,4,3,4,4,3,NA,3,3,1,4,3,4,3,3,0,32,satisfied
86177,female,loyal_customer,47,business_travel,NA,1015,5,3,5,5,3,5,5,5,5,5,5,3,5,1,9,8,satisfied
30196,NA,loyal_customer,23,business_travel,business,964,2,2,2,2,5,5,5,5,2,2,1,3,5,5,12,10,satisfied
62639,female,loyal_customer,58,business_travel,business,3780,3,3,3,3,4,5,4,5,5,5,5,3,5,4,0,5,satisfied
48725,male,disloyal_customer,20,business_travel,eco,502,0,4,0,1,2,NA,4,2,5,4,5,3,5,2,0,0,satisfied
28456,male,loyal_customer,47,business_travel,business,3268,4,1,4,4,3,5,5,4,4,5,4,1,4,5,37,31,satisfied
101581,female,loyal_customer,57,business_travel,business,107,2,2,2,2,4,1,5,4,4,4,3,3,4,2,0,0,satisfied
34874,male,loyal_customer,36,business_travel,business,429,3,3,3,3,5,4,5,4,4,4,4,5,4,1,23,19,satisfied
99397,male,loyal_customer,51,business_travel,business,1475,5,5,5,5,5,4,4,5,5,4,5,4,5,5,0,4,satisfied
70759,female,loyal_customer,49,business_travel,business,760,1,2,1,1,2,4,5,4,4,4,4,4,4,4,0,0,satisfied
81601,female,loyal_customer,59,business_travel,business,3187,2,1,2,2,3,5,5,5,5,5,5,3,5,5,3,0,satisfied
90705,male,loyal_customer,38,business_travel,business,282,0,0,0,1,5,5,4,3,NA,2,2,4,3,5,0,0,satisfied
49853,NA,loyal_customer,20,personal_travel,eco,109,4,4,4,3,5,4,5,5,3,5,5,5,5,5,26,32,satisfied
112612,female,loyal_customer,37,business_travel,business,1632,4,4,5,4,4,3,1,4,4,4,4,3,4,1,0,0,satisfied
115189,NA,loyal_customer,56,business_travel,eco,331,4,3,2,2,4,NA,1,4,4,4,4,3,4,5,38,27,satisfied
97197,male,loyal_customer,41,business_travel,business,3989,3,3,3,3,3,5,4,5,5,5,5,5,5,5,18,26,satisfied
116674,female,loyal_customer,53,business_travel,business,247,0,0,0,4,2,4,5,2,2,2,2,5,2,3,0,0,satisfied
12660,female,loyal_customer,47,business_travel,business,2817,1,1,1,1,5,5,5,5,5,4,5,3,5,5,54,61,satisfied
80938,female,loyal_customer,57,business_travel,eco,674,2,2,2,2,1,1,5,2,2,2,2,3,2,3,4,0,satisfied
108725,female,loyal_customer,46,business_travel,business,3621,5,5,5,5,2,5,5,5,5,5,5,3,5,4,17,11,satisfied
117574,female,loyal_customer,52,business_travel,business,318,0,0,0,3,4,2,4,1,1,1,1,1,1,4,0,0,satisfied
111249,female,loyal_customer,59,business_travel,business,1096,4,4,4,4,4,NA,4,4,4,4,4,3,4,3,0,0,satisfied
10049,female,loyal_customer,28,business_travel,business,3193,5,5,5,5,4,4,4,4,5,5,5,5,4,4,0,0,satisfied
39293,female,loyal_customer,50,business_travel,eco,751,4,1,1,1,5,2,4,4,4,4,4,4,4,4,0,0,satisfied
28618,NA,loyal_customer,72,business_travel,business,629,2,2,2,2,3,2,4,5,5,5,5,5,5,1,0,0,satisfied
116805,NA,loyal_customer,60,business_travel,business,3441,0,1,1,3,3,1,3,2,2,4,4,1,2,3,0,0,satisfied
66864,male,loyal_customer,57,business_travel,business,3123,5,5,5,5,5,4,4,4,4,4,4,3,4,3,0,0,satisfied
65311,male,loyal_customer,24,business_travel,NA,1862,4,4,4,4,5,5,5,5,4,3,2,1,4,5,11,4,satisfied
81846,female,disloyal_customer,24,business_travel,business,994,5,0,5,4,2,5,2,2,5,3,4,4,1,2,0,1,satisfied
111635,male,loyal_customer,51,business_travel,business,3876,0,0,0,3,2,NA,5,3,3,3,3,5,3,4,0,0,satisfied
4670,male,disloyal_customer,23,business_travel,business,480,5,5,5,2,3,5,3,3,3,5,5,4,4,3,0,0,satisfied
23095,male,loyal_customer,51,business_travel,business,1460,5,5,5,5,5,5,4,5,5,5,5,4,5,3,NA,0,satisfied
23538,female,loyal_customer,54,business_travel,business,1698,2,2,2,2,2,2,4,5,5,4,3,5,5,1,1,0,satisfied
32048,female,loyal_customer,59,business_travel,business,2914,4,4,4,4,1,1,5,5,5,5,5,5,5,3,0,0,satisfied
91935,female,loyal_customer,56,business_travel,business,1918,5,4,5,5,5,4,5,5,5,5,5,3,5,5,10,0,satisfied
29688,NA,loyal_customer,51,personal_travel,eco,475,4,2,4,3,3,4,3,3,2,4,3,1,4,3,3,22,satisfied
97010,NA,loyal_customer,50,business_travel,business,109,1,1,1,1,4,3,1,4,4,4,5,3,4,4,0,4,satisfied
98123,female,loyal_customer,39,business_travel,business,403,4,4,4,4,2,4,5,4,4,4,4,4,4,5,15,0,satisfied
28557,female,loyal_customer,35,business_travel,business,2449,5,5,5,5,3,3,3,5,1,2,5,3,2,3,139,113,satisfied
35353,male,loyal_customer,76,business_travel,eco,84,4,5,5,5,4,4,4,4,2,5,4,1,4,4,0,0,satisfied
124277,NA,loyal_customer,34,business_travel,business,577,4,4,4,4,5,5,4,5,5,5,5,5,5,3,0,0,satisfied
78571,female,loyal_customer,46,business_travel,business,3538,1,1,1,1,5,1,1,5,5,5,5,1,5,1,0,0,satisfied
122090,male,loyal_customer,52,business_travel,business,2704,3,5,3,3,2,4,4,4,4,4,4,4,4,3,5,0,satisfied
32200,female,loyal_customer,60,business_travel,eco,794,3,4,4,4,2,5,2,3,3,3,3,3,3,3,0,11,satisfied
112113,male,disloyal_customer,22,business_travel,eco,872,0,0,0,3,2,0,4,2,5,3,4,5,5,2,0,0,satisfied
51814,female,loyal_customer,59,business_travel,business,327,2,2,2,2,1,2,3,4,4,4,4,2,4,3,1,0,satisfied
63969,male,disloyal_customer,25,business_travel,eco,989,4,4,4,3,5,4,5,5,2,1,2,2,5,5,0,0,satisfied
75798,female,loyal_customer,62,business_travel,business,1747,2,2,2,2,2,5,4,3,3,3,3,4,3,4,0,0,satisfied
57503,male,loyal_customer,23,business_travel,business,1504,5,5,5,5,4,NA,4,4,3,1,1,4,3,4,9,0,satisfied
45170,NA,loyal_customer,28,personal_travel,eco,909,4,3,4,3,2,NA,2,2,4,4,3,1,3,2,66,62,satisfied
1953,female,loyal_customer,55,business_travel,business,1688,2,2,2,2,2,5,5,5,5,5,5,4,5,3,0,0,satisfied
70901,male,loyal_customer,58,business_travel,business,328,1,1,1,1,4,4,5,5,5,4,5,5,5,5,0,7,satisfied
17127,male,loyal_customer,33,business_travel,business,3153,0,5,0,4,3,NA,3,3,3,4,1,1,2,3,0,0,satisfied
120199,female,loyal_customer,31,business_travel,business,1825,3,3,3,3,2,2,2,2,3,4,4,1,2,2,1,4,satisfied
95364,female,loyal_customer,24,business_travel,business,631,1,1,1,1,4,4,4,4,5,3,4,5,4,4,NA,6,satisfied
87525,NA,loyal_customer,17,business_travel,eco,153,4,3,3,3,4,4,3,4,4,5,4,2,5,4,0,0,satisfied
17847,female,loyal_customer,28,business_travel,eco,1032,5,5,5,5,5,5,5,5,1,5,2,4,4,5,0,11,satisfied
127590,male,disloyal_customer,23,business_travel,business,528,4,4,4,5,2,4,2,2,4,2,4,3,5,2,0,0,satisfied
127609,female,loyal_customer,43,business_travel,NA,458,5,5,3,5,3,3,4,4,4,5,4,4,4,4,0,0,satisfied
49755,female,loyal_customer,29,business_travel,business,2700,2,2,2,2,5,NA,5,5,2,3,2,3,4,5,0,0,satisfied
76526,male,loyal_customer,41,business_travel,business,746,2,2,2,2,3,4,5,4,4,4,4,3,4,4,0,17,satisfied
11142,NA,loyal_customer,53,business_travel,eco,397,5,1,1,1,4,3,2,5,NA,5,5,5,5,1,0,0,satisfied
28601,male,disloyal_customer,44,business_travel,business,190,5,5,5,2,3,5,3,3,3,3,4,4,5,3,0,0,satisfied
73379,female,loyal_customer,57,business_travel,eco,162,4,3,1,3,2,1,5,5,5,4,5,2,5,5,6,3,satisfied
24190,female,loyal_customer,54,business_travel,eco,864,5,2,2,2,4,4,5,5,5,5,5,3,5,4,0,33,satisfied
39655,male,loyal_customer,58,business_travel,business,3236,1,1,1,1,5,2,4,4,4,4,4,2,4,3,30,20,satisfied
113085,male,disloyal_customer,43,business_travel,business,1744,3,3,3,3,2,3,1,2,3,2,4,4,4,2,0,0,satisfied
26883,female,loyal_customer,52,business_travel,business,3740,5,5,5,5,1,5,2,4,4,4,4,2,4,5,0,0,satisfied
119641,female,loyal_customer,40,business_travel,business,442,3,3,3,3,5,5,4,4,4,4,4,3,4,3,0,0,satisfied
25424,female,disloyal_customer,20,business_travel,eco,1073,2,2,2,3,5,2,1,5,4,5,4,3,3,5,0,0,satisfied
51731,female,disloyal_customer,24,business_travel,eco,604,4,4,4,4,4,1,1,4,5,4,5,1,3,1,360,409,satisfied
74456,NA,loyal_customer,48,business_travel,business,431,1,1,1,1,2,5,5,3,3,3,3,3,3,4,0,0,satisfied
61101,female,loyal_customer,20,personal_travel,business,521,5,5,5,1,2,5,2,2,4,5,4,4,4,2,0,0,satisfied
21852,female,disloyal_customer,42,business_travel,business,301,4,4,4,5,5,4,5,5,4,4,4,5,5,5,0,0,satisfied
129110,female,loyal_customer,25,business_travel,eco_plus,1372,5,4,4,4,5,4,3,5,3,5,1,2,3,5,1,0,satisfied
118099,male,loyal_customer,23,business_travel,eco,680,4,2,2,2,4,NA,5,4,5,3,5,1,3,4,0,0,satisfied
11501,male,loyal_customer,39,business_travel,business,2227,1,1,2,1,5,4,5,5,5,5,5,3,5,4,11,0,satisfied
118944,NA,loyal_customer,23,business_travel,business,1056,1,1,1,1,4,4,4,4,3,1,3,2,4,4,0,0,satisfied
25398,female,loyal_customer,65,business_travel,business,2180,2,2,2,2,3,4,5,3,3,3,3,4,3,3,0,0,satisfied
34602,male,loyal_customer,42,business_travel,business,1744,3,3,3,3,4,5,4,4,4,4,4,5,4,5,0,0,satisfied
111264,male,loyal_customer,34,business_travel,business,628,5,5,5,5,4,4,4,4,4,4,4,4,4,5,0,0,satisfied
23232,female,loyal_customer,61,business_travel,business,1701,2,2,2,2,4,5,5,3,3,4,3,5,3,3,0,0,satisfied
68416,female,loyal_customer,45,business_travel,business,1691,5,5,5,5,5,NA,5,4,4,4,4,3,4,4,0,0,satisfied
37337,female,loyal_customer,32,business_travel,business,1725,5,5,5,5,2,NA,2,2,5,4,4,5,4,2,65,51,satisfied
48537,male,loyal_customer,47,business_travel,business,1718,2,2,2,2,3,5,5,3,3,4,3,5,3,3,0,0,satisfied
23758,female,loyal_customer,45,personal_travel,eco,335,5,5,5,3,3,4,4,2,2,5,2,4,2,5,0,0,satisfied
123743,male,loyal_customer,61,business_travel,business,2249,5,5,5,5,2,4,4,4,4,4,4,4,4,5,1,0,satisfied
17808,female,loyal_customer,35,business_travel,business,2665,1,1,1,1,2,1,2,4,4,5,4,3,4,2,0,NA,satisfied
93064,female,loyal_customer,39,business_travel,eco,222,3,3,3,3,3,3,3,3,3,3,5,5,5,3,0,0,satisfied
32055,female,loyal_customer,56,business_travel,business,3756,2,2,2,2,3,5,4,4,4,4,4,5,4,3,0,0,satisfied
731,female,loyal_customer,31,business_travel,business,749,1,1,5,1,5,5,5,5,4,5,4,5,4,5,11,11,satisfied
105888,female,loyal_customer,56,business_travel,business,2565,1,1,2,1,4,5,5,5,3,5,5,5,3,5,13,0,satisfied
55993,NA,disloyal_customer,52,business_travel,business,991,5,5,5,4,5,4,4,4,3,5,5,4,4,4,200,192,satisfied
90033,female,loyal_customer,58,business_travel,business,1723,5,5,5,5,5,5,5,5,4,5,5,5,4,5,158,151,satisfied
5153,NA,loyal_customer,47,business_travel,business,1737,5,3,5,5,3,5,4,4,4,4,4,4,4,4,0,0,satisfied
71556,NA,loyal_customer,35,business_travel,business,991,1,1,5,1,3,5,4,4,4,4,4,4,4,5,44,28,satisfied
38692,female,loyal_customer,23,personal_travel,eco,583,5,4,5,4,4,5,3,4,4,5,4,3,5,4,8,0,satisfied
74175,female,loyal_customer,60,personal_travel,eco,1050,4,5,4,3,2,5,5,3,3,4,3,3,3,3,0,0,satisfied
129761,female,loyal_customer,52,business_travel,business,3484,4,4,4,4,5,4,5,4,4,4,4,5,4,5,0,0,satisfied
40291,female,loyal_customer,50,business_travel,business,1795,1,1,1,1,3,4,4,3,3,3,3,4,3,3,45,41,satisfied
35362,female,loyal_customer,37,business_travel,eco_plus,237,4,4,4,4,4,4,4,4,1,5,1,4,5,4,4,0,satisfied
69838,NA,loyal_customer,19,business_travel,business,2247,4,4,4,4,4,4,4,4,5,2,3,1,4,4,0,0,satisfied
78512,female,loyal_customer,29,business_travel,eco,936,4,1,1,1,4,4,4,1,3,3,5,4,4,4,195,184,satisfied
123230,NA,loyal_customer,45,business_travel,business,3970,2,4,2,2,2,4,5,4,4,4,4,3,4,5,4,0,satisfied
30311,female,loyal_customer,27,business_travel,business,2420,1,1,1,1,5,5,5,5,NA,3,4,4,5,5,5,0,satisfied
11657,male,loyal_customer,49,business_travel,business,2240,4,4,4,4,2,5,4,2,2,2,2,4,2,4,0,2,satisfied
36419,male,disloyal_customer,24,business_travel,business,228,4,3,4,2,2,NA,2,2,5,5,4,5,5,2,0,0,satisfied
98265,NA,loyal_customer,31,business_travel,business,1783,4,4,4,4,2,2,2,2,3,4,4,5,5,2,7,0,satisfied
28226,male,loyal_customer,17,business_travel,business,1953,3,4,3,3,3,4,3,3,2,2,5,2,3,3,0,0,satisfied
27299,female,disloyal_customer,25,business_travel,business,937,4,0,4,3,3,4,4,3,3,3,5,4,4,3,0,0,satisfied
115489,NA,loyal_customer,34,business_travel,business,1684,4,4,4,4,1,2,4,3,3,3,3,5,3,4,0,10,satisfied
105309,NA,loyal_customer,41,business_travel,business,646,5,5,5,5,4,4,4,5,5,5,5,4,5,4,0,0,satisfied
66640,female,loyal_customer,58,business_travel,business,173,5,5,4,5,5,5,5,5,5,5,4,3,5,4,4,10,satisfied
12198,female,loyal_customer,41,business_travel,business,3175,2,2,2,2,5,5,5,5,5,4,4,5,4,5,222,213,satisfied
105553,female,loyal_customer,58,business_travel,business,2091,4,4,4,4,3,5,5,5,5,5,5,4,5,4,0,0,satisfied
94051,female,loyal_customer,41,business_travel,business,2469,5,5,5,5,3,4,4,5,5,5,5,5,5,4,0,0,satisfied
20971,NA,loyal_customer,34,personal_travel,eco_plus,994,5,4,5,4,3,5,3,3,4,4,5,3,4,3,0,0,satisfied
126448,male,disloyal_customer,25,business_travel,eco,1199,3,2,2,5,5,2,5,5,4,4,4,3,5,5,6,0,satisfied
50402,female,loyal_customer,36,business_travel,business,125,0,4,0,4,4,4,5,4,4,4,4,3,4,3,0,2,satisfied
110939,female,loyal_customer,51,business_travel,business,1979,1,1,1,1,5,4,5,4,4,4,4,5,4,4,8,9,satisfied
124931,male,loyal_customer,57,business_travel,business,1989,3,3,3,3,3,4,4,5,5,5,5,5,5,4,2,0,satisfied
61600,female,loyal_customer,32,business_travel,business,3473,4,4,4,4,4,4,4,4,3,4,5,4,4,4,0,0,satisfied
61966,NA,loyal_customer,32,business_travel,eco,2541,5,5,5,5,5,NA,5,5,4,1,4,3,4,5,30,17,satisfied
121363,female,loyal_customer,40,business_travel,business,1730,5,5,5,5,2,5,4,5,5,5,5,4,5,5,0,0,satisfied
116043,male,loyal_customer,33,business_travel,business,3133,2,2,5,2,4,4,4,4,2,2,1,2,2,4,0,12,satisfied
11919,female,loyal_customer,36,business_travel,business,710,2,4,2,2,2,5,4,5,5,5,5,4,5,5,0,0,satisfied
121016,female,loyal_customer,53,business_travel,eco,978,4,2,2,2,3,3,2,3,3,4,3,4,3,1,5,0,satisfied
2544,female,loyal_customer,46,business_travel,business,3828,5,5,5,5,4,3,3,4,4,4,4,5,4,4,8,5,satisfied
2894,male,loyal_customer,45,business_travel,business,2788,5,5,5,5,5,4,4,5,5,5,5,3,5,3,0,0,satisfied
79948,female,disloyal_customer,16,business_travel,eco,1186,5,5,5,5,4,5,4,4,4,1,3,1,5,4,0,0,satisfied
126455,female,loyal_customer,52,business_travel,business,1718,1,1,1,1,3,5,5,5,NA,5,5,4,5,3,40,34,satisfied
71448,female,loyal_customer,40,business_travel,business,2694,1,1,1,1,5,4,5,5,NA,5,5,3,5,4,0,0,satisfied
104382,male,loyal_customer,60,business_travel,business,493,4,4,4,4,2,4,5,3,3,3,3,3,3,3,0,0,satisfied
122124,NA,loyal_customer,28,business_travel,business,936,2,2,2,2,5,5,5,5,5,5,5,4,4,5,0,0,satisfied
118240,NA,loyal_customer,34,business_travel,business,2454,1,1,1,1,4,4,4,4,2,4,5,4,3,4,8,12,satisfied
3706,female,loyal_customer,9,personal_travel,eco,1190,4,4,4,3,4,4,4,4,4,4,4,5,5,4,0,0,satisfied
23062,female,loyal_customer,45,business_travel,eco,139,3,3,4,3,1,4,1,3,3,3,3,5,3,1,2,26,satisfied
111702,NA,disloyal_customer,28,business_travel,business,1587,4,5,5,2,4,5,1,4,3,5,4,3,5,4,0,0,satisfied
99024,male,loyal_customer,30,business_travel,business,368,4,4,4,4,4,4,4,4,1,2,3,2,5,4,0,0,satisfied
100722,male,loyal_customer,52,business_travel,business,3838,2,2,2,2,3,4,4,4,4,4,4,3,4,4,76,82,satisfied
910,NA,loyal_customer,43,business_travel,business,125,2,2,2,2,5,2,2,5,5,5,5,5,5,5,0,0,satisfied
7842,male,loyal_customer,41,business_travel,business,2586,2,2,2,2,5,3,4,5,5,5,5,3,5,4,0,3,satisfied
62521,female,disloyal_customer,20,business_travel,eco,1235,2,2,2,5,4,2,1,4,3,5,4,4,5,4,5,0,satisfied
69505,female,loyal_customer,43,business_travel,eco,303,4,2,2,2,5,5,3,3,3,4,3,4,3,3,0,11,satisfied
30286,NA,loyal_customer,42,business_travel,business,1609,1,1,5,1,3,5,4,4,4,4,4,4,4,5,14,14,satisfied
110281,NA,loyal_customer,50,business_travel,business,1046,3,3,3,3,4,5,5,3,3,4,3,3,3,5,0,0,satisfied
54172,NA,loyal_customer,26,business_travel,business,2560,2,2,2,2,4,4,4,4,5,3,4,3,4,4,0,0,satisfied
93125,NA,loyal_customer,44,business_travel,business,588,3,3,3,3,4,4,4,3,4,5,4,4,3,4,146,131,satisfied
34218,male,loyal_customer,58,business_travel,business,2364,2,2,2,2,4,4,4,4,4,4,4,3,4,4,2,0,satisfied
2614,male,loyal_customer,52,business_travel,business,3187,4,5,4,4,2,5,4,5,5,5,5,3,5,3,1,0,satisfied
87819,female,loyal_customer,59,business_travel,business,2774,0,5,0,1,5,NA,4,3,3,3,3,5,3,4,0,1,satisfied
99621,female,loyal_customer,57,business_travel,eco,409,4,5,5,5,3,2,5,4,4,4,4,5,4,3,22,23,satisfied
48694,NA,loyal_customer,55,business_travel,business,3824,1,1,1,1,5,5,4,4,4,4,4,4,4,3,26,13,satisfied
110975,NA,disloyal_customer,20,business_travel,business,589,0,4,0,4,4,0,4,4,4,3,4,4,4,4,0,0,satisfied
