id,Gender,customer_type,age,type_of_travel,customer_class,flight_distance,inflight_wifi_service,departure_arrival_time_convenient,ease_of_online_booking,gate_location,food_and_drink,online_boarding,seat_comfort,inflight_entertainment,onboard_service,leg_room_service,baggage_handling,checkin_service,inflight_service,cleanliness,departure_delay_in_minutes,arrival_delay_in_minutes,satisfaction
94031,Male,Loyal Customer,32,Business travel,Business,1389,2,2,2,2,5,5,5,5,4,5,5,5,5,5,67,79,satisfied
81130,Male,Loyal Customer,18,Business travel,Business,3456,2,2,2,2,4,4,4,4,4,2,1,3,3,4,0,0,satisfied
1431,Female,Loyal Customer,43,Business travel,Business,2899,0,0,0,5,4,5,5,2,2,2,2,3,2,4,6,0,satisfied
42411,NA,Loyal Customer,53,Business travel,Business,2694,1,1,1,1,3,5,4,4,4,4,4,3,4,3,0,0,satisfied
33339,Female,Loyal Customer,25,Business travel,Eco,2419,5,5,5,5,5,5,4,5,3,3,5,3,4,5,3,2,satisfied
67187,Female,Loyal Customer,58,Personal Travel,Eco,421,0,3,0,3,3,3,3,4,4,0,4,3,4,3,0,0,satisfied
35863,Male,Loyal Customer,51,Business travel,Business,3912,5,5,5,5,4,5,4,4,4,4,4,3,4,5,0,0,satisfied
57008,NA,Loyal Customer,42,Business travel,Business,1024,2,2,3,2,2,4,4,4,4,4,4,4,4,3,50,42,satisfied
64748,Male,Loyal Customer,44,Business travel,Business,946,1,1,1,1,2,5,4,5,5,5,5,3,5,4,8,5,satisfied
114440,Male,Loyal Customer,29,Business travel,Business,403,1,1,1,1,5,5,5,5,3,1,3,2,4,5,21,4,satisfied
2067,Female,Loyal Customer,35,Business travel,Business,577,2,2,2,2,5,5,4,4,4,4,4,5,4,5,21,7,satisfied
74196,Female,Loyal Customer,38,Business travel,Business,2861,5,5,5,5,3,5,5,5,5,5,5,5,5,5,19,12,satisfied
83524,Male,Loyal Customer,60,Business travel,Business,2400,3,3,4,3,2,5,4,5,5,4,5,3,5,5,0,1,satisfied
77220,Male,Loyal Customer,23,Business travel,Business,1660,2,2,2,2,5,5,5,5,1,3,3,2,4,5,1,5,satisfied
23225,Male,Loyal Customer,38,Business travel,Business,1121,5,5,5,5,4,4,4,4,1,5,1,4,3,4,269,260,satisfied
62523,Female,Loyal Customer,31,Business travel,Business,1802,4,4,5,4,4,5,4,4,2,4,5,2,1,4,4,0,satisfied
123100,Female,Loyal Customer,43,Business travel,Business,583,5,5,5,5,3,4,5,4,4,4,4,3,4,5,0,0,satisfied
22237,Male,Loyal Customer,40,Business travel,Eco,539,4,3,3,3,4,4,4,4,5,4,1,4,4,4,0,0,satisfied
75657,Female,Loyal Customer,42,Business travel,Business,3431,3,3,3,3,2,5,5,5,5,5,5,5,5,5,0,11,satisfied
96029,Male,Loyal Customer,60,Business travel,Business,2131,1,1,1,1,2,5,4,4,4,4,4,4,4,3,12,0,satisfied
68537,Male,Loyal Customer,60,Business travel,Business,293,1,1,1,1,4,5,5,5,5,5,5,3,5,4,0,0,satisfied
102377,NA,Loyal Customer,36,Business travel,Eco Plus,1249,4,5,5,5,4,4,4,4,1,3,5,5,2,4,16,0,satisfied
122546,NA,Loyal Customer,58,Business travel,Business,3762,2,2,2,2,3,5,5,5,5,5,5,4,5,5,0,0,satisfied
81947,Male,Loyal Customer,60,Business travel,Business,1635,2,2,2,2,3,5,5,4,4,4,4,4,4,3,0,3,satisfied
775,Female,Loyal Customer,50,Business travel,Business,2731,4,4,4,4,3,NA,5,5,5,5,5,3,5,4,0,0,satisfied
48531,NA,disloyal Customer,26,Business travel,Business,621,5,5,5,3,3,5,3,3,5,5,4,5,5,3,68,54,satisfied
122598,Female,Loyal Customer,46,Business travel,Business,2446,5,5,5,5,2,3,4,4,4,4,4,5,4,4,0,0,satisfied
119695,Male,Loyal Customer,36,Business travel,Business,1761,5,5,5,5,4,5,4,4,4,4,5,4,4,3,0,11,satisfied
57101,Male,Loyal Customer,33,Business travel,Business,2860,3,3,4,3,4,4,4,4,5,4,5,3,5,4,0,7,satisfied
109248,Male,Loyal Customer,36,Business travel,Business,3615,4,4,2,4,3,5,5,4,4,4,4,4,4,5,0,0,satisfied
4463,Female,Loyal Customer,25,Business travel,Business,2192,3,1,3,3,3,3,3,3,5,1,3,2,3,3,0,0,satisfied
102420,Male,Loyal Customer,42,Business travel,Business,197,5,5,5,5,3,5,4,5,5,5,5,3,5,3,0,0,satisfied
114966,Male,Loyal Customer,17,Business travel,Business,3481,1,1,1,1,5,4,5,5,3,2,5,4,5,5,0,0,satisfied
19465,Male,Loyal Customer,40,Personal Travel,Eco,2704,5,1,5,4,3,5,3,3,1,5,3,2,3,3,21,0,satisfied
128487,Male,Loyal Customer,40,Business travel,Business,1346,5,1,5,5,5,4,4,4,4,4,4,4,4,5,0,13,satisfied
41549,Male,Loyal Customer,48,Business travel,Business,532,1,1,1,1,2,5,5,5,5,4,5,3,5,3,0,0,satisfied
99394,Female,Loyal Customer,34,Business travel,Eco Plus,1400,0,0,0,3,2,0,2,2,5,1,1,1,4,2,0,0,satisfied
81429,Female,Loyal Customer,46,Business travel,Business,3358,3,3,3,3,1,5,2,5,5,5,5,4,5,4,6,0,satisfied
53055,Male,Loyal Customer,44,Business travel,Business,1048,3,3,3,3,2,4,4,4,4,5,4,3,4,3,0,6,satisfied
124119,Female,Loyal Customer,31,Business travel,Business,3477,1,1,1,1,4,4,4,4,4,2,5,3,4,4,36,34,satisfied
15008,Female,Loyal Customer,38,Business travel,Eco Plus,748,5,5,5,5,5,5,5,5,2,2,5,1,1,5,44,65,satisfied
33352,Male,Loyal Customer,39,Business travel,Eco,740,4,2,2,2,4,4,4,4,1,1,4,2,2,4,3,0,satisfied
103683,Female,disloyal Customer,24,Business travel,Eco Plus,241,0,2,0,3,2,0,1,2,3,4,2,5,3,2,1,0,satisfied
119529,Male,Loyal Customer,34,Business travel,Eco Plus,1499,3,1,1,1,3,4,3,3,1,1,1,3,5,3,1,0,satisfied
105938,Female,disloyal Customer,16,Business travel,Eco,784,0,0,0,2,1,0,1,1,5,5,4,4,4,1,0,0,satisfied
123880,NA,Loyal Customer,35,Business travel,Business,2611,2,2,2,2,3,3,3,5,3,4,5,3,5,3,0,0,satisfied
18399,Female,Loyal Customer,46,Business travel,Business,201,5,5,5,5,5,4,5,5,5,5,5,5,5,5,NA,6,satisfied
1667,Female,disloyal Customer,25,Business travel,Business,920,0,0,1,1,1,1,1,1,4,3,4,5,5,1,0,0,satisfied
14881,Female,Loyal Customer,49,Business travel,Business,888,3,3,3,3,5,4,4,4,4,4,4,4,4,4,4,0,satisfied
25249,Male,Loyal Customer,49,Business travel,Business,2307,4,4,4,4,3,5,5,5,5,5,5,4,5,3,0,0,satisfied
35284,Female,Loyal Customer,56,Business travel,Business,3078,3,2,3,3,5,4,5,5,5,5,5,4,5,4,13,0,satisfied
39007,Female,Loyal Customer,41,Business travel,Business,331,3,3,3,3,5,5,5,5,5,5,5,3,5,3,53,50,satisfied
85597,NA,Loyal Customer,39,Business travel,Business,2176,2,2,2,2,3,4,5,4,4,4,4,3,4,3,0,0,satisfied
51897,Female,Loyal Customer,46,Business travel,Business,2645,1,1,1,1,3,4,5,4,4,4,4,5,4,3,0,0,satisfied
90524,Female,Loyal Customer,33,Business travel,Business,1379,3,3,3,3,5,5,5,4,4,4,4,4,4,3,3,0,satisfied
25509,Female,disloyal Customer,46,Business travel,Eco Plus,371,4,4,4,3,2,4,2,2,3,2,3,3,1,2,0,0,satisfied
19838,Female,Loyal Customer,52,Business travel,Business,373,2,5,2,2,3,5,5,4,4,4,4,4,4,3,1,0,satisfied
49276,Female,Loyal Customer,47,Business travel,Business,2157,0,1,1,1,5,4,5,5,5,5,5,3,5,3,0,0,satisfied
59196,Female,Loyal Customer,33,Business travel,Business,3850,0,0,0,5,3,5,5,3,3,3,3,4,3,4,11,6,satisfied
125258,NA,Loyal Customer,43,Business travel,Business,383,5,3,5,5,4,5,5,5,5,5,5,3,5,5,0,0,satisfied
39106,Female,Loyal Customer,32,Personal Travel,Eco Plus,383,0,4,0,3,4,0,4,4,5,5,5,5,4,4,0,0,satisfied
76358,NA,Loyal Customer,47,Business travel,Business,2200,2,2,2,2,5,5,4,4,4,4,5,5,4,5,0,0,satisfied
8699,Male,Loyal Customer,46,Business travel,Business,2771,0,0,0,2,1,3,4,3,3,3,3,3,3,1,0,0,satisfied
324,Male,Loyal Customer,28,Business travel,Business,1087,1,1,3,1,5,NA,5,5,3,2,4,5,5,5,0,0,satisfied
36740,Male,Loyal Customer,51,Business travel,Business,2048,1,1,1,1,3,5,5,4,4,4,4,5,4,3,0,0,satisfied
82175,Female,Loyal Customer,52,Business travel,Business,1400,4,4,4,4,5,4,3,3,3,4,3,1,3,1,27,0,satisfied
14195,Male,Loyal Customer,33,Business travel,Business,3891,3,3,3,3,5,5,5,5,4,4,1,1,4,5,84,79,satisfied
67065,Female,Loyal Customer,45,Business travel,Business,3813,2,2,2,2,4,5,4,4,4,4,4,4,4,3,0,2,satisfied
81342,Male,disloyal Customer,20,Business travel,Business,401,0,0,0,5,2,0,2,2,5,3,4,3,4,2,90,83,satisfied
54196,Female,Loyal Customer,36,Business travel,Business,3299,2,2,3,2,4,1,1,5,5,5,5,4,5,3,0,0,satisfied
60956,NA,Loyal Customer,55,Business travel,Business,2961,2,2,2,2,4,2,5,4,4,4,4,5,4,2,0,43,satisfied
87524,NA,Loyal Customer,21,Business travel,Eco Plus,1598,0,3,0,2,1,NA,1,1,4,5,3,3,3,1,0,5,satisfied
87973,Female,Loyal Customer,49,Business travel,Eco,807,4,5,5,5,3,4,1,4,4,4,4,4,4,1,0,0,satisfied
16966,Male,Loyal Customer,45,Business travel,Business,2233,5,5,4,5,4,4,4,5,5,5,5,5,5,3,12,0,satisfied
69297,Male,Loyal Customer,58,Business travel,Business,427,2,2,2,2,4,4,5,5,5,5,5,4,5,3,0,0,satisfied
40551,NA,disloyal Customer,22,Business travel,Eco,1415,3,3,3,4,1,NA,2,1,1,1,5,5,2,1,0,0,satisfied
75481,NA,Loyal Customer,44,Personal Travel,Eco,1411,0,5,0,2,3,5,5,2,2,0,2,2,2,5,0,0,satisfied
18609,Female,Loyal Customer,47,Business travel,Business,2309,4,4,2,4,5,4,4,4,4,4,4,4,4,3,0,0,satisfied
13875,Female,disloyal Customer,23,Business travel,Eco,1541,5,5,5,2,1,5,1,1,3,1,4,2,5,1,36,26,satisfied
85017,Female,Loyal Customer,50,Personal Travel,Business,96,4,4,0,3,3,4,4,3,3,0,3,4,3,4,0,3,satisfied
64747,Male,Loyal Customer,39,Business travel,Eco,101,5,3,3,3,5,5,5,5,1,2,1,2,5,5,0,0,satisfied
96949,Male,Loyal Customer,46,Business travel,Business,3714,5,5,5,5,3,4,5,4,4,4,4,3,4,5,0,1,satisfied
122474,Female,Loyal Customer,48,Business travel,Business,946,3,3,3,3,4,5,4,5,5,5,5,4,5,4,0,5,satisfied
7359,Female,disloyal Customer,25,Business travel,Business,997,0,2,0,2,3,0,3,3,5,5,5,4,5,3,38,49,satisfied
28750,Male,disloyal Customer,29,Business travel,Business,770,5,4,4,3,2,4,1,2,5,5,5,3,4,2,10,14,satisfied
47538,Male,Loyal Customer,44,Business travel,Eco,788,5,5,4,4,5,5,5,5,NA,1,3,4,1,5,0,0,satisfied
50318,Female,Loyal Customer,55,Business travel,Business,3077,4,4,4,4,1,3,1,5,5,5,5,3,5,4,0,0,satisfied
110480,Male,Loyal Customer,28,Business travel,Business,210,5,5,5,5,4,4,4,4,5,5,5,3,3,4,98,102,satisfied
3736,Male,Loyal Customer,25,Business travel,Business,1579,3,3,3,3,5,5,5,5,5,5,4,5,5,5,240,280,satisfied
128428,NA,Loyal Customer,55,Business travel,Business,1491,4,4,4,4,3,NA,4,5,5,5,5,3,5,3,0,0,satisfied
127985,Female,Loyal Customer,60,Business travel,Business,304,4,4,4,4,5,4,5,5,5,5,5,3,5,5,0,0,satisfied
103206,Male,Loyal Customer,39,Business travel,Business,883,5,5,5,5,5,4,5,4,4,4,4,4,4,4,3,38,satisfied
98331,Male,Loyal Customer,25,Business travel,Business,3904,4,4,1,4,5,5,5,5,3,3,4,4,5,5,0,0,satisfied
17197,Female,disloyal Customer,29,Business travel,Eco,1035,4,4,4,3,2,4,2,2,1,3,1,2,2,2,42,21,satisfied
66487,Female,Loyal Customer,42,Business travel,Business,1620,3,3,5,3,5,5,5,5,5,4,5,5,5,5,3,5,satisfied
46378,Male,disloyal Customer,25,Business travel,Eco,1127,5,5,5,2,3,5,3,3,4,3,5,5,4,3,0,0,satisfied
15095,NA,Loyal Customer,39,Business travel,Business,1768,2,2,2,2,4,4,4,5,5,5,5,4,5,4,0,0,satisfied
85907,Male,Loyal Customer,60,Business travel,Business,226,0,0,0,2,4,5,5,4,4,4,4,3,4,3,0,0,satisfied
122715,Male,Loyal Customer,34,Business travel,Business,2723,2,1,2,2,3,5,4,4,4,4,4,4,4,3,0,2,satisfied
108265,Male,Loyal Customer,50,Business travel,Business,3091,3,3,3,3,3,5,4,5,NA,5,5,5,5,4,0,0,satisfied
111801,Female,Loyal Customer,39,Business travel,Business,1990,1,1,4,1,4,NA,5,3,3,4,3,4,3,3,0,11,satisfied
28928,Male,Loyal Customer,44,Business travel,Business,563,1,1,1,1,3,5,2,3,3,4,3,1,3,2,0,0,satisfied
72242,Male,Loyal Customer,45,Business travel,Business,3640,3,3,3,3,5,NA,2,5,5,5,5,3,5,4,77,64,satisfied
20347,Male,Loyal Customer,31,Business travel,Eco Plus,581,5,4,3,4,5,5,5,5,3,3,3,3,3,5,0,0,satisfied
74643,Male,Loyal Customer,41,Business travel,Business,612,3,3,5,3,5,2,2,4,4,5,4,1,4,1,0,0,satisfied
120499,Male,Loyal Customer,44,Business travel,Business,2052,2,2,2,2,4,4,4,5,NA,5,5,4,5,3,0,0,satisfied
101352,Female,Loyal Customer,48,Business travel,Business,1616,2,2,2,2,2,4,5,3,3,3,3,3,3,4,0,11,satisfied
5382,Male,Loyal Customer,36,Business travel,Eco,129,4,1,1,1,4,4,4,4,2,4,3,3,2,4,0,0,satisfied
47134,Female,Loyal Customer,41,Personal Travel,Eco,460,4,2,4,4,3,4,3,3,3,5,3,4,4,3,0,0,satisfied
104567,NA,disloyal Customer,24,Business travel,Business,731,0,0,0,3,1,NA,1,1,3,4,5,3,4,1,10,19,satisfied
2859,Female,disloyal Customer,27,Business travel,Eco Plus,404,5,5,5,1,3,1,3,2,4,1,4,3,1,3,202,242,satisfied
128330,Male,disloyal Customer,27,Business travel,Business,405,5,5,5,3,3,5,3,3,4,5,4,4,4,3,0,0,satisfied
117564,Male,Loyal Customer,24,Business travel,Eco Plus,1448,4,5,5,5,4,4,5,4,3,2,3,1,3,4,1,0,satisfied
1938,Female,Loyal Customer,29,Business travel,Business,542,5,3,5,5,5,4,5,5,1,3,4,3,5,5,0,0,satisfied
66745,Female,Loyal Customer,42,Business travel,Business,2874,4,4,4,4,1,4,4,5,5,5,5,3,5,2,2,0,satisfied
55058,Male,Loyal Customer,49,Business travel,Business,2586,5,5,5,5,5,5,5,4,5,5,4,5,3,5,60,51,satisfied
81428,Male,disloyal Customer,25,Business travel,Eco,1201,4,4,4,4,3,4,3,3,3,2,4,4,5,3,18,0,satisfied
93821,Female,disloyal Customer,85,Business travel,Business,67,4,4,4,3,4,NA,4,2,1,5,4,4,4,4,0,0,satisfied
48958,Male,Loyal Customer,45,Business travel,Business,3234,2,2,2,2,2,4,5,2,2,2,2,3,2,4,0,4,satisfied
26714,Male,Loyal Customer,56,Business travel,Business,1426,4,4,4,4,2,4,5,4,4,3,4,4,4,3,0,11,satisfied
68208,Female,disloyal Customer,22,Business travel,Business,684,4,0,4,2,2,4,2,2,5,4,4,5,4,2,40,46,satisfied
55488,Male,Loyal Customer,40,Business travel,Business,2330,2,2,5,2,2,4,4,4,4,4,4,4,4,3,0,0,satisfied
102276,Male,Loyal Customer,59,Business travel,Business,1969,2,2,2,2,2,3,5,5,5,5,5,4,5,3,0,0,satisfied
102595,Male,Loyal Customer,66,Personal Travel,Eco,1073,4,4,4,2,3,4,2,3,5,5,4,3,5,3,43,11,satisfied
54216,Male,Loyal Customer,48,Business travel,Business,2521,1,1,1,1,5,3,4,4,4,4,4,4,4,3,0,0,satisfied
128703,Male,Loyal Customer,58,Business travel,Business,2470,3,3,3,3,3,4,5,5,5,5,5,5,5,4,17,8,satisfied
113748,Male,Loyal Customer,45,Business travel,Business,1096,4,4,4,4,3,4,4,5,5,5,5,4,5,5,0,0,satisfied
51414,Male,Loyal Customer,48,Business travel,Business,1028,5,5,5,5,3,4,4,5,5,5,5,2,5,4,NA,0,satisfied
110951,NA,Loyal Customer,56,Business travel,Business,3550,5,5,4,5,3,4,5,4,4,4,4,3,4,4,0,0,satisfied
31202,Female,disloyal Customer,23,Business travel,Eco,1147,4,4,4,4,5,4,5,5,5,5,4,3,5,5,0,0,satisfied
37912,Female,Loyal Customer,35,Business travel,Business,3579,2,2,2,2,2,4,4,5,5,5,5,4,5,5,70,57,satisfied
25103,NA,Loyal Customer,46,Business travel,Business,3073,2,2,1,2,4,5,5,5,5,5,5,4,5,4,3,0,satisfied
28329,Female,Loyal Customer,51,Business travel,Business,2334,3,3,3,3,2,NA,4,5,5,5,5,3,5,4,28,12,satisfied
86622,Female,Loyal Customer,47,Business travel,Eco,500,4,5,5,5,4,5,5,4,4,4,4,4,4,3,0,0,satisfied
123339,Female,Loyal Customer,20,Business travel,Business,2862,2,2,2,2,5,5,5,5,3,3,5,4,4,5,0,0,satisfied
71275,Female,Loyal Customer,28,Business travel,NA,846,4,3,3,3,4,4,4,3,1,1,4,4,5,4,182,174,satisfied
98862,Female,Loyal Customer,54,Business travel,Business,1598,5,5,5,5,3,3,4,5,5,5,5,4,5,4,3,0,satisfied
113730,Female,Loyal Customer,31,Business travel,Business,2331,2,2,2,2,5,5,5,5,3,1,5,3,5,5,1,8,satisfied
17217,Male,Loyal Customer,58,Business travel,Business,453,3,3,3,3,4,4,4,5,5,5,5,4,5,5,0,0,satisfied
80870,NA,Loyal Customer,54,Business travel,Eco,2172,4,4,4,4,1,4,2,4,4,4,4,4,4,3,0,0,satisfied
9622,NA,Loyal Customer,56,Personal Travel,NA,626,4,5,5,3,2,5,2,2,3,3,5,3,4,2,82,92,satisfied
83608,Female,Loyal Customer,34,Business travel,Business,157,4,5,4,4,1,3,4,4,4,4,5,1,4,1,59,58,satisfied
125225,NA,disloyal Customer,38,Business travel,Business,1183,4,4,4,3,2,4,2,2,5,4,5,4,5,2,29,13,satisfied
80740,Female,disloyal Customer,24,Business travel,Eco,402,0,3,0,3,1,3,1,1,3,4,5,4,4,1,0,0,satisfied
2655,Male,Loyal Customer,56,Business travel,Business,2724,3,5,3,3,5,5,5,3,3,5,4,5,5,5,6,0,satisfied
115082,Male,Loyal Customer,50,Business travel,Eco,991,4,3,3,3,4,4,4,4,NA,1,2,4,4,4,0,33,satisfied
95595,NA,Loyal Customer,35,Personal Travel,Business,1185,4,4,4,4,2,3,4,2,2,4,2,4,2,3,0,0,satisfied
99954,Male,Loyal Customer,34,Business travel,Business,1868,4,4,4,4,4,5,5,4,4,4,4,5,4,4,0,0,satisfied
61057,NA,Loyal Customer,54,Business travel,Business,3621,2,2,2,2,5,5,4,2,2,3,2,4,2,5,0,0,satisfied
24738,Female,Loyal Customer,39,Business travel,Business,1276,5,5,5,5,5,4,5,5,5,5,5,5,5,4,0,0,satisfied
123906,Male,Loyal Customer,50,Business travel,Business,1448,3,3,3,3,4,5,4,2,2,2,2,5,2,5,10,2,satisfied
39872,Male,Loyal Customer,58,Business travel,Business,3050,4,4,4,4,4,5,5,2,2,2,2,4,2,3,64,62,satisfied
107437,Female,Loyal Customer,49,Business travel,Business,446,5,5,5,5,2,4,4,4,4,4,4,3,4,5,5,4,satisfied
35064,Male,Loyal Customer,52,Business travel,Eco,113,5,3,3,3,4,5,4,4,2,3,2,3,5,4,71,96,satisfied
15713,Female,Loyal Customer,47,Business travel,Business,845,1,1,1,1,4,5,4,5,5,5,5,5,5,3,20,17,satisfied
79604,Female,Loyal Customer,57,Business travel,Business,1843,4,4,4,4,5,4,4,3,3,3,3,4,3,3,0,0,satisfied
12459,NA,disloyal Customer,23,Business travel,Eco,978,4,4,4,1,1,4,1,1,2,1,2,4,2,1,0,0,satisfied
25624,Male,Loyal Customer,36,Business travel,Business,127,0,5,0,4,3,1,3,1,1,1,1,1,1,1,0,0,satisfied
115409,Female,Loyal Customer,60,Business travel,Eco Plus,650,4,5,5,5,4,5,5,4,4,4,4,1,4,5,0,0,satisfied
25621,Male,Loyal Customer,41,Business travel,Business,3340,1,1,1,1,5,3,5,4,4,4,4,2,4,5,0,0,satisfied
88691,Male,Loyal Customer,34,Business travel,Business,2778,1,1,1,1,5,5,5,5,5,5,5,5,5,5,0,0,satisfied
84163,Male,Loyal Customer,34,Business travel,Business,1907,1,1,5,1,4,4,1,4,4,4,4,3,4,3,10,0,satisfied
65598,Male,Loyal Customer,41,Business travel,Business,1514,4,4,4,4,2,5,5,4,4,4,4,4,4,4,NA,27,satisfied
39591,Female,Loyal Customer,39,Business travel,Business,2449,4,4,4,4,5,1,5,5,5,5,5,2,5,1,0,0,satisfied
81275,Male,Loyal Customer,61,Business travel,Business,3502,3,3,3,3,2,3,3,5,NA,5,5,2,5,1,0,0,satisfied
89361,NA,Loyal Customer,41,Business travel,Business,728,5,5,5,5,5,5,5,2,2,2,2,3,2,5,0,0,satisfied
72776,Female,Loyal Customer,44,Business travel,Eco,191,2,4,4,4,3,1,3,2,2,2,2,3,2,1,1,0,satisfied
8441,Male,Loyal Customer,39,Business travel,Business,2024,1,1,1,1,4,NA,4,4,4,4,4,3,4,4,23,22,satisfied
107881,NA,Loyal Customer,28,Business travel,Eco Plus,1182,0,0,0,2,3,0,3,3,3,5,2,5,4,3,31,20,satisfied
45666,NA,Loyal Customer,37,Business travel,Business,1199,3,3,2,3,2,4,5,3,3,2,3,4,3,1,0,14,satisfied
74633,Female,Loyal Customer,42,Personal Travel,Eco,983,4,5,3,4,3,1,2,5,5,3,5,3,5,2,0,0,satisfied
19811,NA,Loyal Customer,59,Business travel,Business,647,4,4,4,4,2,1,2,4,4,4,4,3,4,4,91,74,satisfied
32680,Female,Loyal Customer,37,Business travel,Business,2586,3,3,1,3,2,4,4,5,5,5,5,5,5,3,14,3,satisfied
70833,Female,Loyal Customer,23,Business travel,Eco Plus,901,0,5,0,5,3,0,1,3,4,3,4,5,1,3,9,3,satisfied
47580,Female,Loyal Customer,55,Business travel,Business,1535,0,3,0,4,4,4,4,1,1,1,1,3,1,1,20,30,satisfied
32977,Female,Loyal Customer,41,Business travel,Business,1973,2,2,2,2,5,5,5,2,2,3,2,3,2,3,15,0,satisfied
44978,Male,Loyal Customer,42,Business travel,Business,480,4,4,4,4,2,5,5,4,4,4,4,3,4,5,0,0,satisfied
17963,Male,Loyal Customer,34,Business travel,Eco Plus,350,5,3,3,3,5,5,5,5,4,5,5,3,4,5,0,0,satisfied
7604,Male,Loyal Customer,60,Business travel,Business,130,4,4,4,4,3,5,4,4,4,4,5,3,4,3,0,0,satisfied
18544,Male,disloyal Customer,12,Business travel,Business,1121,5,0,5,1,3,0,3,3,2,4,5,3,5,3,22,3,satisfied
50929,Male,Loyal Customer,47,Business travel,Business,1780,0,1,1,3,5,5,5,2,2,2,2,5,2,3,0,0,satisfied
124342,Male,Loyal Customer,39,Business travel,Business,985,1,1,1,1,3,4,5,4,4,5,4,3,4,3,0,7,satisfied
99012,NA,Loyal Customer,26,Business travel,Business,833,3,3,3,3,4,4,4,4,1,4,3,2,2,4,0,0,satisfied
88130,Female,disloyal Customer,54,Business travel,Eco,238,4,4,4,4,2,4,2,2,5,4,1,3,1,2,91,81,satisfied
4448,NA,Loyal Customer,40,Business travel,Business,872,1,1,1,1,2,4,4,4,4,4,4,3,4,4,0,3,satisfied
110040,NA,disloyal Customer,21,Business travel,Eco,588,0,0,0,2,3,0,3,3,3,4,1,2,5,3,0,0,satisfied
9348,Female,Loyal Customer,40,Business travel,Business,2400,4,4,3,4,2,4,2,2,2,2,2,3,2,1,0,0,satisfied
63350,Female,Loyal Customer,64,Business travel,Business,3143,2,2,2,2,5,5,5,5,5,5,5,4,5,5,0,0,satisfied
68226,Female,Loyal Customer,63,Business travel,Business,3828,0,0,0,1,5,5,4,1,1,1,1,5,1,3,0,0,satisfied
85488,Male,Loyal Customer,40,Business travel,Business,3970,2,2,2,2,5,4,5,4,4,4,4,3,4,5,46,23,satisfied
79888,Female,Loyal Customer,39,Business travel,Business,3974,2,2,2,2,4,4,5,4,4,4,4,4,4,3,0,0,satisfied
84832,Female,Loyal Customer,37,Business travel,Eco,397,4,5,5,5,4,4,4,4,1,2,5,3,2,4,0,0,satisfied
6209,Male,Loyal Customer,17,Personal Travel,Eco Plus,431,0,4,0,4,1,0,3,1,4,3,5,5,5,1,0,0,satisfied
59246,NA,Loyal Customer,52,Business travel,Business,293,4,4,4,4,2,4,5,5,5,5,5,3,5,3,0,0,satisfied
55772,NA,Loyal Customer,52,Business travel,Eco,308,5,1,1,1,5,5,5,5,2,1,5,3,5,5,0,0,satisfied
120858,Female,Loyal Customer,50,Business travel,Business,125,4,4,4,4,4,4,4,5,5,5,4,4,5,3,0,0,satisfied
91808,Female,Loyal Customer,49,Business travel,Business,2035,1,1,1,1,2,NA,4,3,3,3,3,3,3,4,0,0,satisfied
114306,Male,Loyal Customer,51,Personal Travel,Eco,164,5,4,5,3,1,5,1,1,3,2,5,5,5,1,0,11,satisfied
106323,Male,disloyal Customer,13,Business travel,Eco,2288,4,4,4,1,4,2,2,4,1,4,3,2,5,2,7,32,satisfied
85639,Male,Loyal Customer,53,Business travel,Business,2586,1,1,1,1,3,4,5,5,5,5,5,3,5,5,0,0,satisfied
17157,Male,Loyal Customer,41,Personal Travel,Eco,722,0,4,0,4,3,0,3,3,1,2,1,3,5,3,0,0,satisfied
92430,Female,Loyal Customer,23,Business travel,Business,3888,1,1,1,1,5,5,5,5,4,4,4,4,5,5,0,0,satisfied
52026,Female,Loyal Customer,57,Business travel,Business,429,5,5,3,5,1,2,1,4,4,4,4,1,4,3,0,0,satisfied
64774,Male,Loyal Customer,60,Business travel,Business,2483,5,5,5,5,5,5,4,4,4,4,4,4,4,3,0,0,satisfied
84069,Female,Loyal Customer,54,Business travel,Business,475,1,1,1,1,2,4,4,4,4,4,4,4,4,3,0,0,satisfied
129117,Female,disloyal Customer,21,Business travel,Business,223,5,2,5,5,5,5,2,5,4,4,4,5,4,5,0,0,satisfied
83301,Female,disloyal Customer,18,Business travel,Eco Plus,1225,5,0,5,5,2,5,2,2,1,1,2,2,5,2,0,5,satisfied
55773,Male,Loyal Customer,49,Personal Travel,Eco,1183,4,4,4,3,4,4,4,4,3,4,4,5,5,4,0,0,satisfied
114423,Female,Loyal Customer,31,Personal Travel,Eco,305,5,1,5,3,5,5,5,5,3,1,3,3,4,5,0,0,satisfied
90085,Male,Loyal Customer,63,Personal Travel,Eco,371,4,3,4,4,3,NA,3,3,1,4,3,4,3,3,0,32,satisfied
86177,Female,Loyal Customer,47,Business travel,NA,1015,5,3,5,5,3,5,5,5,5,5,5,3,5,1,9,8,satisfied
30196,NA,Loyal Customer,23,Business travel,Business,964,2,2,2,2,5,5,5,5,2,2,1,3,5,5,12,10,satisfied
62639,Female,Loyal Customer,58,Business travel,Business,3780,3,3,3,3,4,5,4,5,5,5,5,3,5,4,0,5,satisfied
39778,Female,Loyal Customer,16,Personal Travel,Eco,712,5,3,5,4,3,5,4,3,4,3,5,3,1,3,1,0,satisfied
97227,Male,Loyal Customer,54,Business travel,Business,1464,1,1,1,1,5,4,5,5,5,5,5,5,5,5,1,0,satisfied
48725,Male,disloyal Customer,20,Business travel,Eco,502,0,4,0,1,2,NA,4,2,5,4,5,3,5,2,0,0,satisfied
28456,Male,Loyal Customer,47,Business travel,Business,3268,4,1,4,4,3,5,5,4,4,5,4,1,4,5,37,31,satisfied
101581,Female,Loyal Customer,57,Business travel,Business,107,2,2,2,2,4,1,5,4,4,4,3,3,4,2,0,0,satisfied
34874,Male,Loyal Customer,36,Business travel,Business,429,3,3,3,3,5,4,5,4,4,4,4,5,4,1,23,19,satisfied
99397,Male,Loyal Customer,51,Business travel,Business,1475,5,5,5,5,5,4,4,5,5,4,5,4,5,5,0,4,satisfied
70759,Female,Loyal Customer,49,Business travel,Business,760,1,2,1,1,2,4,5,4,4,4,4,4,4,4,0,0,satisfied
50418,Female,Loyal Customer,55,Business travel,Business,951,3,3,3,3,4,4,5,4,4,4,4,3,4,3,0,0,satisfied
81601,Female,Loyal Customer,59,Business travel,Business,3187,2,1,2,2,3,5,5,5,5,5,5,3,5,5,3,0,satisfied
90705,Male,Loyal Customer,38,Business travel,Business,282,0,0,0,1,5,5,4,3,NA,2,2,4,3,5,0,0,satisfied
49853,NA,Loyal Customer,20,Personal Travel,Eco,109,4,4,4,3,5,4,5,5,3,5,5,5,5,5,26,32,satisfied
114464,NA,Loyal Customer,37,Business travel,Eco,323,2,3,3,3,2,2,2,2,2,3,4,3,5,2,0,0,satisfied
112612,Female,Loyal Customer,37,Business travel,Business,1632,4,4,5,4,4,3,1,4,4,4,4,3,4,1,0,0,satisfied
115189,NA,Loyal Customer,56,Business travel,Eco,331,4,3,2,2,4,NA,1,4,4,4,4,3,4,5,38,27,satisfied
97197,Male,Loyal Customer,41,Business travel,Business,3989,3,3,3,3,3,5,4,5,5,5,5,5,5,5,18,26,satisfied
116674,Female,Loyal Customer,53,Business travel,Business,247,0,0,0,4,2,4,5,2,2,2,2,5,2,3,0,0,satisfied
12660,Female,Loyal Customer,47,Business travel,Business,2817,1,1,1,1,5,5,5,5,5,4,5,3,5,5,54,61,satisfied
80938,Female,Loyal Customer,57,Business travel,Eco,674,2,2,2,2,1,1,5,2,2,2,2,3,2,3,4,0,satisfied
108725,Female,Loyal Customer,46,Business travel,Business,3621,5,5,5,5,2,5,5,5,5,5,5,3,5,4,17,11,satisfied
117574,Female,Loyal Customer,52,Business travel,Business,318,0,0,0,3,4,2,4,1,1,1,1,1,1,4,0,0,satisfied
111249,Female,Loyal Customer,59,Business travel,Business,1096,4,4,4,4,4,NA,4,4,4,4,4,3,4,3,0,0,satisfied
67677,Female,Loyal Customer,59,Business travel,Business,3559,4,4,4,4,3,5,5,4,4,4,4,4,4,3,0,0,satisfied
41083,Male,Loyal Customer,48,Business travel,Business,1517,1,1,1,1,4,4,4,5,5,5,5,4,5,5,0,0,satisfied
31293,Female,Loyal Customer,35,Business travel,Business,2063,2,2,2,2,4,4,4,5,5,4,5,5,5,4,0,0,satisfied
10049,Female,Loyal Customer,28,Business travel,Business,3193,5,5,5,5,4,4,4,4,5,5,5,5,4,4,0,0,satisfied
39293,Female,Loyal Customer,50,Business travel,Eco,751,4,1,1,1,5,2,4,4,4,4,4,4,4,4,0,0,satisfied
28618,NA,Loyal Customer,72,Business travel,Business,629,2,2,2,2,3,2,4,5,5,5,5,5,5,1,0,0,satisfied
116805,NA,Loyal Customer,60,Business travel,Business,3441,0,1,1,3,3,1,3,2,2,4,4,1,2,3,0,0,satisfied
66864,Male,Loyal Customer,57,Business travel,Business,3123,5,5,5,5,5,4,4,4,4,4,4,3,4,3,0,0,satisfied
65311,Male,Loyal Customer,24,Business travel,NA,1862,4,4,4,4,5,5,5,5,4,3,2,1,4,5,11,4,satisfied
90287,NA,disloyal Customer,62,Business travel,Business,184,4,4,4,3,4,5,5,4,5,4,4,5,5,5,125,134,satisfied
38654,Female,Loyal Customer,73,Business travel,Eco,1140,5,4,4,4,4,2,3,5,5,5,5,5,5,2,0,0,satisfied
81846,Female,disloyal Customer,24,Business travel,Business,994,5,0,5,4,2,5,2,2,5,3,4,4,1,2,0,1,satisfied
24057,Male,Loyal Customer,60,Personal Travel,Eco,1678,4,3,4,4,1,4,1,1,2,2,4,2,3,1,15,0,satisfied
111635,Male,Loyal Customer,51,Business travel,Business,3876,0,0,0,3,2,NA,5,3,3,3,3,5,3,4,0,0,satisfied
4670,Male,disloyal Customer,23,Business travel,Business,480,5,5,5,2,3,5,3,3,3,5,5,4,4,3,0,0,satisfied
23095,Male,Loyal Customer,51,Business travel,Business,1460,5,5,5,5,5,5,4,5,5,5,5,4,5,3,NA,0,satisfied
23538,Female,Loyal Customer,54,Business travel,Business,1698,2,2,2,2,2,2,4,5,5,4,3,5,5,1,1,0,satisfied
32048,Female,Loyal Customer,59,Business travel,Business,2914,4,4,4,4,1,1,5,5,5,5,5,5,5,3,0,0,satisfied
91935,Female,Loyal Customer,56,Business travel,Business,1918,5,4,5,5,5,4,5,5,5,5,5,3,5,5,10,0,satisfied
15259,Female,Loyal Customer,19,Business travel,Eco Plus,1222,5,1,1,1,5,NA,5,5,1,4,5,1,1,5,0,0,satisfied
29688,NA,Loyal Customer,51,Personal Travel,Eco,475,4,2,4,3,3,4,3,3,2,4,3,1,4,3,3,22,satisfied
97010,NA,Loyal Customer,50,Business travel,Business,109,1,1,1,1,4,3,1,4,4,4,5,3,4,4,0,4,satisfied
98123,Female,Loyal Customer,39,Business travel,Business,403,4,4,4,4,2,4,5,4,4,4,4,4,4,5,15,0,satisfied
28557,Female,Loyal Customer,35,Business travel,Business,2449,5,5,5,5,3,3,3,5,1,2,5,3,2,3,139,113,satisfied
35353,Male,Loyal Customer,76,Business travel,Eco,84,4,5,5,5,4,4,4,4,2,5,4,1,4,4,0,0,satisfied
124277,NA,Loyal Customer,34,Business travel,Business,577,4,4,4,4,5,5,4,5,5,5,5,5,5,3,0,0,satisfied
125110,Male,Loyal Customer,37,Business travel,Business,2521,1,1,1,1,1,3,2,5,5,5,5,2,5,5,36,30,satisfied
78571,Female,Loyal Customer,46,Business travel,Business,3538,1,1,1,1,5,1,1,5,5,5,5,1,5,1,0,0,satisfied
73589,NA,Loyal Customer,46,Personal Travel,Eco,868,4,5,4,3,2,4,2,2,3,4,3,3,3,2,1,0,satisfied
122090,Male,Loyal Customer,52,Business travel,Business,2704,3,5,3,3,2,4,4,4,4,4,4,4,4,3,5,0,satisfied
32200,Female,Loyal Customer,60,Business travel,Eco,794,3,4,4,4,2,5,2,3,3,3,3,3,3,3,0,11,satisfied
112113,Male,disloyal Customer,22,Business travel,Eco,872,0,0,0,3,2,0,4,2,5,3,4,5,5,2,0,0,satisfied
51814,Female,Loyal Customer,59,Business travel,Business,327,2,2,2,2,1,2,3,4,4,4,4,2,4,3,1,0,satisfied
63969,Male,disloyal Customer,25,Business travel,Eco,989,4,4,4,3,5,4,5,5,2,1,2,2,5,5,0,0,satisfied
75798,Female,Loyal Customer,62,Business travel,Business,1747,2,2,2,2,2,5,4,3,3,3,3,4,3,4,0,0,satisfied
53580,NA,Loyal Customer,40,Business travel,Business,2070,3,3,3,3,5,5,2,5,NA,4,5,5,5,4,20,14,satisfied
57503,Male,Loyal Customer,23,Business travel,Business,1504,5,5,5,5,4,NA,4,4,3,1,1,4,3,4,9,0,satisfied
45170,NA,Loyal Customer,28,Personal Travel,Eco,909,4,3,4,3,2,NA,2,2,4,4,3,1,3,2,66,62,satisfied
76678,NA,Loyal Customer,39,Business travel,Business,270,1,1,1,1,3,5,5,5,5,5,5,4,5,5,20,26,satisfied
1953,Female,Loyal Customer,55,Business travel,Business,1688,2,2,2,2,2,5,5,5,5,5,5,4,5,3,0,0,satisfied
70901,Male,Loyal Customer,58,Business travel,Business,328,1,1,1,1,4,4,5,5,5,4,5,5,5,5,0,7,satisfied
22284,Female,Loyal Customer,44,Business travel,Business,2253,0,0,0,4,3,5,4,5,NA,5,5,5,5,3,13,4,satisfied
17127,Male,Loyal Customer,33,Business travel,Business,3153,0,5,0,4,3,NA,3,3,3,4,1,1,2,3,0,0,satisfied
120199,Female,Loyal Customer,31,Business travel,Business,1825,3,3,3,3,2,2,2,2,3,4,4,1,2,2,1,4,satisfied
95364,Female,Loyal Customer,24,Business travel,Business,631,1,1,1,1,4,4,4,4,5,3,4,5,4,4,NA,6,satisfied
87525,NA,Loyal Customer,17,Business travel,Eco,153,4,3,3,3,4,4,3,4,4,5,4,2,5,4,0,0,satisfied
17847,Female,Loyal Customer,28,Business travel,Eco,1032,5,5,5,5,5,5,5,5,1,5,2,4,4,5,0,11,satisfied
127590,Male,disloyal Customer,23,Business travel,Business,528,4,4,4,5,2,4,2,2,4,2,4,3,5,2,0,0,satisfied
14873,Male,Loyal Customer,27,Business travel,Business,589,5,5,2,5,5,5,5,5,2,4,2,2,4,5,0,0,satisfied
127609,Female,Loyal Customer,43,Business travel,NA,458,5,5,3,5,3,3,4,4,4,5,4,4,4,4,0,0,satisfied
49755,Female,Loyal Customer,29,Business travel,Business,2700,2,2,2,2,5,NA,5,5,2,3,2,3,4,5,0,0,satisfied
76526,Male,Loyal Customer,41,Business travel,Business,746,2,2,2,2,3,4,5,4,4,4,4,3,4,4,0,17,satisfied
89712,Male,Loyal Customer,47,Business travel,Business,1562,3,3,3,3,3,4,5,5,5,5,5,5,5,3,2,0,satisfied
11142,NA,Loyal Customer,53,Business travel,Eco,397,5,1,1,1,4,3,2,5,NA,5,5,5,5,1,0,0,satisfied
28601,Male,disloyal Customer,44,Business travel,Business,190,5,5,5,2,3,5,3,3,3,3,4,4,5,3,0,0,satisfied
73379,Female,Loyal Customer,57,Business travel,Eco,162,4,3,1,3,2,1,5,5,5,4,5,2,5,5,6,3,satisfied
24190,Female,Loyal Customer,54,Business travel,Eco,864,5,2,2,2,4,4,5,5,5,5,5,3,5,4,0,33,satisfied
39655,Male,Loyal Customer,58,Business travel,Business,3236,1,1,1,1,5,2,4,4,4,4,4,2,4,3,30,20,satisfied
113085,Male,disloyal Customer,43,Business travel,Business,1744,3,3,3,3,2,3,1,2,3,2,4,4,4,2,0,0,satisfied
119121,Female,Loyal Customer,48,Business travel,Business,312,5,5,5,5,3,5,4,5,5,5,5,3,5,4,0,2,satisfied
26883,Female,Loyal Customer,52,Business travel,Business,3740,5,5,5,5,1,5,2,4,4,4,4,2,4,5,0,0,satisfied
119641,Female,Loyal Customer,40,Business travel,Business,442,3,3,3,3,5,5,4,4,4,4,4,3,4,3,0,0,satisfied
25424,Female,disloyal Customer,20,Business travel,Eco,1073,2,2,2,3,5,2,1,5,4,5,4,3,3,5,0,0,satisfied
51731,Female,disloyal Customer,24,Business travel,Eco,604,4,4,4,4,4,1,1,4,5,4,5,1,3,1,360,409,satisfied
74456,NA,Loyal Customer,48,Business travel,Business,431,1,1,1,1,2,5,5,3,3,3,3,3,3,4,0,0,satisfied
61101,Female,Loyal Customer,20,Personal Travel,Business,521,5,5,5,1,2,5,2,2,4,5,4,4,4,2,0,0,satisfied
21852,Female,disloyal Customer,42,Business travel,Business,301,4,4,4,5,5,4,5,5,4,4,4,5,5,5,0,0,satisfied
129110,Female,Loyal Customer,25,Business travel,Eco Plus,1372,5,4,4,4,5,4,3,5,3,5,1,2,3,5,1,0,satisfied
118099,Male,Loyal Customer,23,Business travel,Eco,680,4,2,2,2,4,NA,5,4,5,3,5,1,3,4,0,0,satisfied
11501,Male,Loyal Customer,39,Business travel,Business,2227,1,1,2,1,5,4,5,5,5,5,5,3,5,4,11,0,satisfied
118944,NA,Loyal Customer,23,Business travel,Business,1056,1,1,1,1,4,4,4,4,3,1,3,2,4,4,0,0,satisfied
25398,Female,Loyal Customer,65,Business travel,Business,2180,2,2,2,2,3,4,5,3,3,3,3,4,3,3,0,0,satisfied
103194,Female,Loyal Customer,40,Business travel,Business,213,0,5,0,5,5,4,5,4,4,1,1,3,4,3,0,0,satisfied
34602,Male,Loyal Customer,42,Business travel,Business,1744,3,3,3,3,4,5,4,4,4,4,4,5,4,5,0,0,satisfied
70019,Female,Loyal Customer,41,Business travel,Business,3916,3,3,3,3,4,5,4,5,5,5,5,5,5,4,21,38,satisfied
111264,Male,Loyal Customer,34,Business travel,Business,628,5,5,5,5,4,4,4,4,4,4,4,4,4,5,0,0,satisfied
23232,Female,Loyal Customer,61,Business travel,Business,1701,2,2,2,2,4,5,5,3,3,4,3,5,3,3,0,0,satisfied
68416,Female,Loyal Customer,45,Business travel,Business,1691,5,5,5,5,5,NA,5,4,4,4,4,3,4,4,0,0,satisfied
37337,Female,Loyal Customer,32,Business travel,Business,1725,5,5,5,5,2,NA,2,2,5,4,4,5,4,2,65,51,satisfied
48537,Male,Loyal Customer,47,Business travel,Business,1718,2,2,2,2,3,5,5,3,3,4,3,5,3,3,0,0,satisfied
23758,Female,Loyal Customer,45,Personal Travel,Eco,335,5,5,5,3,3,4,4,2,2,5,2,4,2,5,0,0,satisfied
9867,Female,Loyal Customer,48,Business travel,Business,1831,5,5,2,5,2,4,4,2,2,3,2,3,2,4,0,0,satisfied
123743,Male,Loyal Customer,61,Business travel,Business,2249,5,5,5,5,2,4,4,4,4,4,4,4,4,5,1,0,satisfied
17808,Female,Loyal Customer,35,Business travel,Business,2665,1,1,1,1,2,1,2,4,4,5,4,3,4,2,0,NA,satisfied
93064,Female,Loyal Customer,39,Business travel,Eco,222,3,3,3,3,3,3,3,3,3,3,5,5,5,3,0,0,satisfied
32055,Female,Loyal Customer,56,Business travel,Business,3756,2,2,2,2,3,5,4,4,4,4,4,5,4,3,0,0,satisfied
77671,NA,Loyal Customer,53,Business travel,Business,1522,3,3,5,3,5,5,4,5,5,4,5,5,5,5,0,0,satisfied
731,Female,Loyal Customer,31,Business travel,Business,749,1,1,5,1,5,5,5,5,4,5,4,5,4,5,11,11,satisfied
105888,Female,Loyal Customer,56,Business travel,Business,2565,1,1,2,1,4,5,5,5,3,5,5,5,3,5,13,0,satisfied
55993,NA,disloyal Customer,52,Business travel,Business,991,5,5,5,4,5,4,4,4,3,5,5,4,4,4,200,192,satisfied
90033,Female,Loyal Customer,58,Business travel,Business,1723,5,5,5,5,5,5,5,5,4,5,5,5,4,5,158,151,satisfied
5153,NA,Loyal Customer,47,Business travel,Business,1737,5,3,5,5,3,5,4,4,4,4,4,4,4,4,0,0,satisfied
71556,NA,Loyal Customer,35,Business travel,Business,991,1,1,5,1,3,5,4,4,4,4,4,4,4,5,44,28,satisfied
62922,Male,Loyal Customer,39,Business travel,Business,3107,1,1,3,1,4,5,4,2,2,2,2,5,2,5,0,0,satisfied
38692,Female,Loyal Customer,23,Personal Travel,Eco,583,5,4,5,4,4,5,3,4,4,5,4,3,5,4,8,0,satisfied
74175,Female,Loyal Customer,60,Personal Travel,Eco,1050,4,5,4,3,2,5,5,3,3,4,3,3,3,3,0,0,satisfied
129761,Female,Loyal Customer,52,Business travel,Business,3484,4,4,4,4,5,4,5,4,4,4,4,5,4,5,0,0,satisfied
40291,Female,Loyal Customer,50,Business travel,Business,1795,1,1,1,1,3,4,4,3,3,3,3,4,3,3,45,41,satisfied
35362,Female,Loyal Customer,37,Business travel,Eco Plus,237,4,4,4,4,4,4,4,4,1,5,1,4,5,4,4,0,satisfied
69838,NA,Loyal Customer,19,Business travel,Business,2247,4,4,4,4,4,4,4,4,5,2,3,1,4,4,0,0,satisfied
21776,NA,Loyal Customer,47,Personal Travel,Eco,2556,4,2,4,3,5,4,5,5,1,5,4,1,3,5,2,0,satisfied
78512,Female,Loyal Customer,29,Business travel,Eco,936,4,1,1,1,4,4,4,1,3,3,5,4,4,4,195,184,satisfied
123230,NA,Loyal Customer,45,Business travel,Business,3970,2,4,2,2,2,4,5,4,4,4,4,3,4,5,4,0,satisfied
30311,Female,Loyal Customer,27,Business travel,Business,2420,1,1,1,1,5,5,5,5,NA,3,4,4,5,5,5,0,satisfied
115547,Male,Loyal Customer,39,Business travel,Business,2336,5,4,5,5,4,4,5,5,5,5,5,3,5,3,12,0,satisfied
76893,Male,Loyal Customer,56,Business travel,Business,1823,4,4,4,4,5,5,4,5,5,5,5,3,5,3,69,51,satisfied
11657,Male,Loyal Customer,49,Business travel,Business,2240,4,4,4,4,2,5,4,2,2,2,2,4,2,4,0,2,satisfied
36419,Male,disloyal Customer,24,Business travel,Business,228,4,3,4,2,2,NA,2,2,5,5,4,5,5,2,0,0,satisfied
45906,NA,Loyal Customer,49,Business travel,Business,2475,3,3,3,3,3,4,4,5,5,5,5,5,5,3,0,0,satisfied
98265,NA,Loyal Customer,31,Business travel,Business,1783,4,4,4,4,2,2,2,2,3,4,4,5,5,2,7,0,satisfied
28226,Male,Loyal Customer,17,Business travel,Business,1953,3,4,3,3,3,4,3,3,2,2,5,2,3,3,0,0,satisfied
45572,Male,Loyal Customer,60,Business travel,Business,2908,1,1,1,1,5,4,5,3,3,3,3,3,3,4,0,1,satisfied
27299,Female,disloyal Customer,25,Business travel,Business,937,4,0,4,3,3,4,4,3,3,3,5,4,4,3,0,0,satisfied
115489,NA,Loyal Customer,34,Business travel,Business,1684,4,4,4,4,1,2,4,3,3,3,3,5,3,4,0,10,satisfied
105309,NA,Loyal Customer,41,Business travel,Business,646,5,5,5,5,4,4,4,5,5,5,5,4,5,4,0,0,satisfied
66640,Female,Loyal Customer,58,Business travel,Business,173,5,5,4,5,5,5,5,5,5,5,4,3,5,4,4,10,satisfied
12198,Female,Loyal Customer,41,Business travel,Business,3175,2,2,2,2,5,5,5,5,5,4,4,5,4,5,222,213,satisfied
34036,Male,Loyal Customer,36,Business travel,Business,1416,1,1,5,1,3,2,3,5,5,5,5,1,5,3,1,0,satisfied
105553,Female,Loyal Customer,58,Business travel,Business,2091,4,4,4,4,3,5,5,5,5,5,5,4,5,4,0,0,satisfied
71725,NA,disloyal Customer,20,Business travel,Business,834,4,0,3,4,5,3,4,5,3,4,5,5,4,5,98,100,satisfied
94051,Female,Loyal Customer,41,Business travel,Business,2469,5,5,5,5,3,4,4,5,5,5,5,5,5,4,0,0,satisfied
20971,NA,Loyal Customer,34,Personal Travel,Eco Plus,994,5,4,5,4,3,5,3,3,4,4,5,3,4,3,0,0,satisfied
9288,Female,Loyal Customer,25,Business travel,Eco Plus,1533,4,4,4,4,4,4,5,4,NA,4,1,5,1,4,0,6,satisfied
126448,Male,disloyal Customer,25,Business travel,Eco,1199,3,2,2,5,5,2,5,5,4,4,4,3,5,5,6,0,satisfied
50402,Female,Loyal Customer,36,Business travel,Business,125,0,4,0,4,4,4,5,4,4,4,4,3,4,3,0,2,satisfied
110939,Female,Loyal Customer,51,Business travel,Business,1979,1,1,1,1,5,4,5,4,4,4,4,5,4,4,8,9,satisfied
124931,Male,Loyal Customer,57,Business travel,Business,1989,3,3,3,3,3,4,4,5,5,5,5,5,5,4,2,0,satisfied
61600,Female,Loyal Customer,32,Business travel,Business,3473,4,4,4,4,4,4,4,4,3,4,5,4,4,4,0,0,satisfied
61966,NA,Loyal Customer,32,Business travel,Eco,2541,5,5,5,5,5,NA,5,5,4,1,4,3,4,5,30,17,satisfied
121363,Female,Loyal Customer,40,Business travel,Business,1730,5,5,5,5,2,5,4,5,5,5,5,4,5,5,0,0,satisfied
116043,Male,Loyal Customer,33,Business travel,Business,3133,2,2,5,2,4,4,4,4,2,2,1,2,2,4,0,12,satisfied
11919,Female,Loyal Customer,36,Business travel,Business,710,2,4,2,2,2,5,4,5,5,5,5,4,5,5,0,0,satisfied
121016,Female,Loyal Customer,53,Business travel,Eco,978,4,2,2,2,3,3,2,3,3,4,3,4,3,1,5,0,satisfied
97228,NA,Loyal Customer,40,Business travel,Business,1797,3,3,3,3,5,3,4,5,5,5,5,4,5,3,0,0,satisfied
2544,Female,Loyal Customer,46,Business travel,Business,3828,5,5,5,5,4,3,3,4,4,4,4,5,4,4,8,5,satisfied
2894,Male,Loyal Customer,45,Business travel,Business,2788,5,5,5,5,5,4,4,5,5,5,5,3,5,3,0,0,satisfied
79948,Female,disloyal Customer,16,Business travel,Eco,1186,5,5,5,5,4,5,4,4,4,1,3,1,5,4,0,0,satisfied
126455,Female,Loyal Customer,52,Business travel,Business,1718,1,1,1,1,3,5,5,5,NA,5,5,4,5,3,40,34,satisfied
99443,Female,Loyal Customer,42,Business travel,Business,597,2,1,2,2,3,4,4,3,3,4,3,3,3,3,0,0,satisfied
71448,Female,Loyal Customer,40,Business travel,Business,2694,1,1,1,1,5,4,5,5,NA,5,5,3,5,4,0,0,satisfied
104382,Male,Loyal Customer,60,Business travel,Business,493,4,4,4,4,2,4,5,3,3,3,3,3,3,3,0,0,satisfied
21797,Male,Loyal Customer,57,Business travel,Business,309,4,2,4,4,5,4,5,4,4,4,4,3,4,3,0,0,satisfied
122124,NA,Loyal Customer,28,Business travel,Business,936,2,2,2,2,5,5,5,5,5,5,5,4,4,5,0,0,satisfied
118240,NA,Loyal Customer,34,Business travel,Business,2454,1,1,1,1,4,4,4,4,2,4,5,4,3,4,8,12,satisfied
3706,Female,Loyal Customer,9,Personal Travel,Eco,1190,4,4,4,3,4,4,4,4,4,4,4,5,5,4,0,0,satisfied
23062,Female,Loyal Customer,45,Business travel,Eco,139,3,3,4,3,1,4,1,3,3,3,3,5,3,1,2,26,satisfied
111702,NA,disloyal Customer,28,Business travel,Business,1587,4,5,5,2,4,5,1,4,3,5,4,3,5,4,0,0,satisfied
99024,Male,Loyal Customer,30,Business travel,Business,368,4,4,4,4,4,4,4,4,1,2,3,2,5,4,0,0,satisfied
100722,Male,Loyal Customer,52,Business travel,Business,3838,2,2,2,2,3,4,4,4,4,4,4,3,4,4,76,82,satisfied
910,NA,Loyal Customer,43,Business travel,Business,125,2,2,2,2,5,2,2,5,5,5,5,5,5,5,0,0,satisfied
7842,Male,Loyal Customer,41,Business travel,Business,2586,2,2,2,2,5,3,4,5,5,5,5,3,5,4,0,3,satisfied
114330,NA,Loyal Customer,48,Personal Travel,Eco,2777,4,3,4,4,4,4,3,3,3,4,3,3,3,2,0,0,satisfied
62521,Female,disloyal Customer,20,Business travel,Eco,1235,2,2,2,5,4,2,1,4,3,5,4,4,5,4,5,0,satisfied
69505,Female,Loyal Customer,43,Business travel,Eco,303,4,2,2,2,5,5,3,3,3,4,3,4,3,3,0,11,satisfied
30286,NA,Loyal Customer,42,Business travel,Business,1609,1,1,5,1,3,5,4,4,4,4,4,4,4,5,14,14,satisfied
110281,NA,Loyal Customer,50,Business travel,Business,1046,3,3,3,3,4,5,5,3,3,4,3,3,3,5,0,0,satisfied
54172,NA,Loyal Customer,26,Business travel,Business,2560,2,2,2,2,4,4,4,4,5,3,4,3,4,4,0,0,satisfied
93125,NA,Loyal Customer,44,Business travel,Business,588,3,3,3,3,4,4,4,3,4,5,4,4,3,4,146,131,satisfied
34218,Male,Loyal Customer,58,Business travel,Business,2364,2,2,2,2,4,4,4,4,4,4,4,3,4,4,2,0,satisfied
2614,Male,Loyal Customer,52,Business travel,Business,3187,4,5,4,4,2,5,4,5,5,5,5,3,5,3,1,0,satisfied
87819,Female,Loyal Customer,59,Business travel,Business,2774,0,5,0,1,5,NA,4,3,3,3,3,5,3,4,0,1,satisfied
10990,Male,Loyal Customer,47,Business travel,Business,153,0,4,0,1,4,5,1,5,5,5,5,1,5,3,0,0,satisfied
99621,Female,Loyal Customer,57,Business travel,Eco,409,4,5,5,5,3,2,5,4,4,4,4,5,4,3,22,23,satisfied
48694,NA,Loyal Customer,55,Business travel,Business,3824,1,1,1,1,5,5,4,4,4,4,4,4,4,3,26,13,satisfied
110975,NA,disloyal Customer,20,Business travel,Business,589,0,4,0,4,4,0,4,4,4,3,4,4,4,4,0,0,satisfied
10046,Male,Loyal Customer,50,Personal Travel,Eco,101,3,5,3,5,2,3,2,2,5,5,5,4,5,2,0,1,neutral or dissatisfied
89351,Female,Loyal Customer,30,Personal Travel,Eco,860,3,5,3,2,2,NA,2,2,1,1,5,4,2,2,0,0,neutral or dissatisfied
63718,Male,Loyal Customer,52,Business travel,Business,3153,2,3,3,3,4,2,3,2,2,2,2,3,2,1,0,0,neutral or dissatisfied
106347,Male,disloyal Customer,24,Business travel,Eco,649,3,2,3,2,4,3,4,4,2,4,3,1,3,4,19,30,neutral or dissatisfied
87171,NA,Loyal Customer,38,Business travel,Business,261,3,3,3,3,1,4,3,3,3,3,3,1,3,1,0,0,neutral or dissatisfied
18881,Female,Loyal Customer,57,Business travel,Business,2665,2,2,2,2,3,3,3,2,2,2,2,1,2,1,22,11,neutral or dissatisfied
71312,NA,Loyal Customer,49,Business travel,Eco,1013,3,3,3,3,3,4,3,3,3,3,3,1,3,2,0,0,neutral or dissatisfied
103227,Female,disloyal Customer,20,Business travel,Eco,421,3,0,3,1,3,3,4,3,3,4,2,1,3,3,0,0,neutral or dissatisfied
48908,Female,disloyal Customer,27,Business travel,Business,290,2,2,2,3,4,2,5,4,2,5,2,4,3,4,0,0,neutral or dissatisfied
121125,NA,Loyal Customer,20,Personal Travel,Eco,259,2,1,2,2,2,2,1,2,4,2,2,1,2,2,14,19,neutral or dissatisfied
82854,Female,Loyal Customer,53,Personal Travel,Eco,116,2,3,2,3,3,2,2,5,5,2,5,2,5,4,72,66,neutral or dissatisfied
70749,NA,Loyal Customer,44,Business travel,Eco,403,4,2,2,2,4,4,4,4,3,2,3,3,4,4,15,27,neutral or dissatisfied
97952,NA,disloyal Customer,40,Business travel,Business,2521,2,2,2,4,2,3,3,2,1,4,4,3,1,3,4,0,neutral or dissatisfied
84104,NA,disloyal Customer,27,Business travel,Eco,2342,1,1,1,3,2,1,2,2,4,3,2,4,3,2,0,2,neutral or dissatisfied
2907,Female,disloyal Customer,35,Business travel,Eco,770,2,2,2,4,2,2,2,2,4,2,3,1,4,2,0,0,neutral or dissatisfied
77755,Female,disloyal Customer,42,Business travel,Eco,811,2,1,1,1,1,1,1,1,NA,2,1,2,5,1,3,0,neutral or dissatisfied
66882,Female,Loyal Customer,24,Personal Travel,Eco,484,3,0,3,5,3,3,3,3,4,5,4,3,4,3,20,0,neutral or dissatisfied
73584,Male,Loyal Customer,35,Personal Travel,Eco,190,3,3,3,4,4,3,4,4,3,5,3,4,3,4,20,15,neutral or dissatisfied
73318,Female,Loyal Customer,31,Personal Travel,Eco,493,4,5,4,4,4,4,4,4,3,5,5,5,5,4,0,1,neutral or dissatisfied
48333,NA,Loyal Customer,51,Business travel,Eco,912,1,0,0,4,1,1,1,1,1,4,3,4,4,1,9,23,neutral or dissatisfied
71119,NA,Loyal Customer,58,Personal Travel,Eco,631,2,5,2,5,3,2,3,3,4,3,5,5,4,3,0,0,neutral or dissatisfied
15192,Female,disloyal Customer,33,Business travel,Business,719,2,2,2,1,1,2,1,1,4,3,4,4,5,1,0,0,neutral or dissatisfied
84688,Female,Loyal Customer,52,Business travel,Eco,325,4,1,1,1,4,4,4,3,2,4,4,4,2,4,152,181,neutral or dissatisfied
107613,Female,Loyal Customer,38,Business travel,Business,192,2,5,5,5,2,3,4,2,2,2,2,1,2,4,0,3,neutral or dissatisfied
87193,Female,Loyal Customer,52,Personal Travel,Eco,719,1,4,1,3,2,5,4,2,2,1,2,5,2,5,0,0,neutral or dissatisfied
51820,Female,Loyal Customer,43,Personal Travel,Business,374,3,4,3,3,3,4,1,5,5,3,5,4,5,1,0,0,neutral or dissatisfied
21059,NA,Loyal Customer,45,Personal Travel,Eco,2149,2,4,2,4,5,4,4,5,5,2,2,4,5,4,7,0,neutral or dissatisfied
8336,Female,Loyal Customer,32,Business travel,Business,1635,4,1,5,1,4,4,4,4,4,1,4,3,3,4,4,0,neutral or dissatisfied
108187,Male,Loyal Customer,45,Personal Travel,Eco,228,4,3,4,3,2,4,2,2,3,4,4,3,3,2,0,0,neutral or dissatisfied
49699,Male,disloyal Customer,39,Business travel,Business,611,2,2,2,2,4,NA,1,4,1,1,2,1,2,4,0,0,neutral or dissatisfied
8100,Female,Loyal Customer,8,Business travel,Eco Plus,788,3,1,1,1,3,3,2,3,3,2,4,1,4,3,0,8,neutral or dissatisfied
23763,Male,Loyal Customer,70,Personal Travel,Eco,533,3,4,3,5,3,3,3,3,3,4,5,5,4,3,0,0,neutral or dissatisfied
2114,Female,Loyal Customer,13,Business travel,Business,930,4,3,5,3,4,4,4,4,3,2,4,4,4,4,8,0,neutral or dissatisfied
65813,Female,Loyal Customer,9,Personal Travel,Eco,237,1,1,1,3,3,1,3,3,3,3,4,1,3,3,0,0,neutral or dissatisfied
88412,Male,Loyal Customer,57,Personal Travel,Business,1452,1,5,1,3,5,5,5,5,5,1,5,5,5,5,0,0,neutral or dissatisfied
44456,Male,Loyal Customer,10,Personal Travel,Eco,550,2,4,2,4,4,2,1,4,NA,1,3,4,3,4,0,0,neutral or dissatisfied
103760,Male,disloyal Customer,15,Business travel,Eco,1024,2,2,2,4,5,NA,5,5,4,4,4,4,3,5,0,0,neutral or dissatisfied
21937,Female,Loyal Customer,11,Personal Travel,Eco,534,3,5,2,3,2,2,5,2,5,4,4,5,5,2,0,0,neutral or dissatisfied
127123,Female,Loyal Customer,36,Business travel,Eco,1979,4,2,4,2,4,3,4,4,1,3,3,2,3,4,0,6,neutral or dissatisfied
47429,Male,Loyal Customer,47,Personal Travel,Eco,226,2,4,2,3,5,2,5,5,4,4,5,3,4,5,3,0,neutral or dissatisfied
61317,Female,Loyal Customer,25,Personal Travel,Eco,980,4,3,4,4,2,4,2,2,NA,2,3,4,4,2,12,9,neutral or dissatisfied
20383,Female,disloyal Customer,36,Business travel,Eco Plus,325,3,4,4,3,4,4,5,4,2,1,3,2,4,4,8,0,neutral or dissatisfied
51135,Male,Loyal Customer,45,Personal Travel,Eco,409,2,2,2,3,4,2,4,4,3,4,4,3,3,4,1,0,neutral or dissatisfied
65543,Female,Loyal Customer,38,Business travel,Eco,189,2,1,1,1,2,2,2,2,1,2,4,1,4,2,0,0,neutral or dissatisfied
94568,Male,Loyal Customer,24,Personal Travel,Eco Plus,552,4,5,4,4,2,4,2,2,2,2,2,1,4,2,0,10,neutral or dissatisfied
38416,NA,Loyal Customer,50,Personal Travel,Eco Plus,1635,1,4,1,4,3,4,4,3,3,1,5,4,3,5,1,0,neutral or dissatisfied
51751,NA,disloyal Customer,37,Business travel,Eco Plus,251,3,3,3,2,2,3,2,2,4,2,3,4,4,2,0,0,neutral or dissatisfied
50385,Male,Loyal Customer,45,Business travel,Business,650,2,4,4,4,2,3,3,2,2,2,2,1,2,2,56,73,neutral or dissatisfied
28608,Male,Loyal Customer,42,Personal Travel,Eco Plus,822,4,4,4,2,1,4,2,1,3,4,5,4,5,1,66,51,neutral or dissatisfied
21909,Female,Loyal Customer,47,Personal Travel,Eco Plus,460,3,4,1,3,2,1,3,5,5,1,1,4,5,2,1,0,neutral or dissatisfied
116994,Male,disloyal Customer,26,Business travel,Business,431,4,4,5,2,3,5,3,3,4,3,5,4,5,3,7,0,neutral or dissatisfied
60037,Female,Loyal Customer,49,Business travel,Business,101,1,4,4,4,3,4,3,2,2,2,1,1,2,3,11,14,neutral or dissatisfied
37597,NA,Loyal Customer,27,Business travel,Business,441,2,3,3,3,2,2,2,2,3,5,4,4,4,2,0,0,neutral or dissatisfied
105870,Female,Loyal Customer,37,Personal Travel,Eco,2586,1,4,1,5,1,5,5,3,2,4,4,5,4,5,0,0,neutral or dissatisfied
41823,Male,disloyal Customer,33,Business travel,Business,364,4,4,4,5,1,4,1,1,5,5,4,4,5,1,35,30,neutral or dissatisfied
64160,Female,Loyal Customer,26,Personal Travel,Eco,140,1,0,1,1,1,1,1,1,4,3,5,5,4,1,0,0,neutral or dissatisfied
36737,Female,Loyal Customer,15,Personal Travel,Business,421,3,2,3,4,2,3,2,2,1,3,4,4,3,2,0,0,neutral or dissatisfied
95210,NA,Loyal Customer,42,Business travel,Business,507,3,3,3,3,3,4,3,3,3,4,3,3,3,4,43,12,neutral or dissatisfied
18856,NA,disloyal Customer,28,Business travel,Business,448,2,2,2,1,5,2,5,5,3,3,4,3,5,5,30,13,neutral or dissatisfied
68596,Male,Loyal Customer,55,Business travel,Eco,222,3,1,4,1,3,3,3,3,4,5,3,4,3,3,0,0,neutral or dissatisfied
119689,Male,Loyal Customer,57,Business travel,Business,1947,4,2,2,2,5,2,3,4,4,4,4,1,4,4,0,5,neutral or dissatisfied
54342,Female,Loyal Customer,54,Personal Travel,Eco,284,3,5,3,2,2,NA,5,1,NA,3,1,3,1,3,0,6,neutral or dissatisfied
90479,Female,Loyal Customer,54,Personal Travel,Business,977,3,5,3,5,4,5,5,4,4,3,4,3,4,3,0,0,neutral or dissatisfied
54667,Female,disloyal Customer,23,Business travel,Eco,200,2,3,2,4,2,1,1,2,1,3,3,1,2,1,287,274,neutral or dissatisfied
110906,Male,Loyal Customer,44,Business travel,Business,373,2,4,4,4,3,4,4,2,2,2,2,4,2,1,33,29,neutral or dissatisfied
61625,NA,disloyal Customer,23,Business travel,Eco,444,4,3,4,4,1,NA,1,1,4,5,3,4,4,1,0,6,neutral or dissatisfied
15158,Female,Loyal Customer,63,Personal Travel,Eco,936,2,4,2,2,4,4,5,2,2,2,2,5,2,3,7,4,neutral or dissatisfied
60448,Female,Loyal Customer,70,Personal Travel,Eco,1182,3,4,3,3,5,3,2,4,4,3,4,3,4,1,0,3,neutral or dissatisfied
97993,Male,Loyal Customer,48,Personal Travel,Eco,1670,4,0,4,3,4,4,3,4,5,2,4,5,4,4,0,0,neutral or dissatisfied
14759,Male,disloyal Customer,38,Business travel,Eco,571,2,5,2,5,5,2,5,5,2,5,1,4,1,5,37,42,neutral or dissatisfied
66387,Female,Loyal Customer,24,Business travel,Business,3889,1,2,2,2,4,4,1,4,1,2,3,4,4,4,0,27,neutral or dissatisfied
6918,Male,Loyal Customer,31,Personal Travel,Eco Plus,1067,3,4,3,2,4,3,4,4,NA,3,5,3,4,4,0,10,neutral or dissatisfied
108446,Male,Loyal Customer,33,Business travel,Business,468,1,5,5,5,1,1,1,1,NA,1,4,3,3,1,0,0,neutral or dissatisfied
28833,Female,Loyal Customer,12,Personal Travel,Eco,526,2,4,2,1,1,2,1,1,5,4,5,3,5,1,10,0,neutral or dissatisfied
10365,Male,disloyal Customer,23,Business travel,Eco,251,4,2,4,4,4,4,4,4,3,2,4,4,3,4,13,7,neutral or dissatisfied
47738,Male,disloyal Customer,29,Business travel,Business,1608,3,3,3,1,5,3,5,5,3,3,4,4,5,5,0,0,neutral or dissatisfied
35323,Female,Loyal Customer,46,Business travel,Eco,279,4,1,1,1,3,4,3,4,4,4,4,1,4,1,27,10,neutral or dissatisfied
114433,Female,disloyal Customer,43,Business travel,Eco,143,3,5,3,2,2,3,2,2,3,5,2,2,3,2,70,60,neutral or dissatisfied
18834,Male,Loyal Customer,19,Personal Travel,Eco,588,1,5,1,1,2,1,2,2,5,5,5,4,5,2,6,0,neutral or dissatisfied
32052,Male,Loyal Customer,30,Personal Travel,Eco,386,4,1,4,3,2,4,2,2,3,5,4,2,4,2,8,1,neutral or dissatisfied
95906,NA,Loyal Customer,68,Personal Travel,Eco,383,2,5,2,2,1,2,1,1,3,3,4,4,4,1,0,0,neutral or dissatisfied
8804,NA,Loyal Customer,40,Personal Travel,Eco,1020,3,4,3,3,2,3,2,2,5,3,4,3,4,2,7,0,neutral or dissatisfied
46856,Female,disloyal Customer,24,Business travel,Eco,486,2,1,1,4,5,1,5,5,2,2,4,1,4,5,9,0,neutral or dissatisfied
3229,Male,Loyal Customer,38,Business travel,Business,603,4,1,1,1,4,3,3,4,4,4,4,3,4,3,40,25,neutral or dissatisfied
13646,Male,Loyal Customer,48,Business travel,Eco,667,3,1,1,1,3,3,3,3,1,5,1,2,1,3,0,0,neutral or dissatisfied
49066,Male,disloyal Customer,36,Business travel,Business,1092,2,2,2,1,1,2,1,1,5,4,5,3,4,1,0,0,neutral or dissatisfied
85496,NA,disloyal Customer,38,Business travel,Business,715,2,2,2,5,2,2,2,2,5,5,4,4,4,2,0,0,neutral or dissatisfied
129861,Female,disloyal Customer,16,Business travel,Eco,1073,2,2,2,1,3,2,3,3,5,1,2,1,5,3,21,3,neutral or dissatisfied
94964,Female,disloyal Customer,23,Business travel,Eco,534,3,2,3,4,4,3,4,4,2,2,3,2,4,4,0,0,neutral or dissatisfied
89872,Male,Loyal Customer,31,Business travel,Business,500,3,3,3,3,3,3,3,3,1,5,4,2,4,3,0,0,neutral or dissatisfied
7802,Female,Loyal Customer,8,Personal Travel,Eco,1452,4,3,4,1,5,4,5,5,1,5,4,2,1,5,0,5,neutral or dissatisfied
25111,Male,Loyal Customer,66,Personal Travel,Eco,933,4,4,4,1,2,NA,2,2,5,4,5,4,4,2,0,0,neutral or dissatisfied
9253,Male,Loyal Customer,16,Business travel,Eco Plus,371,3,1,1,1,3,3,1,3,4,1,3,4,4,3,12,7,neutral or dissatisfied
14835,Female,Loyal Customer,39,Personal Travel,Eco,306,2,5,2,1,4,2,4,4,5,4,5,4,5,4,85,77,neutral or dissatisfied
20998,Male,Loyal Customer,14,Personal Travel,Eco,859,2,5,2,2,4,2,4,4,3,1,3,4,2,4,5,16,neutral or dissatisfied
41450,Male,Loyal Customer,35,Personal Travel,Eco,2586,2,5,1,4,1,3,3,3,2,5,4,3,5,3,0,0,neutral or dissatisfied
89091,NA,Loyal Customer,60,Business travel,Business,338,2,5,5,5,1,3,4,2,2,2,2,3,2,2,0,0,neutral or dissatisfied
99812,Male,Loyal Customer,29,Business travel,Eco,1127,1,3,3,3,1,1,1,1,4,5,4,4,4,1,0,0,neutral or dissatisfied
117605,Male,Loyal Customer,65,Personal Travel,Eco Plus,204,2,5,2,2,1,2,1,1,2,3,1,1,3,1,0,0,neutral or dissatisfied
68287,Male,Loyal Customer,32,Personal Travel,Eco,1121,2,5,2,3,2,2,2,2,5,2,4,4,5,2,0,0,neutral or dissatisfied
100656,Female,Loyal Customer,60,Business travel,Business,430,4,5,5,5,3,3,4,4,4,4,4,2,4,3,0,0,neutral or dissatisfied
119909,NA,disloyal Customer,29,Business travel,Business,775,3,3,3,3,5,3,3,5,3,1,4,4,3,5,0,0,neutral or dissatisfied
16930,NA,Loyal Customer,62,Personal Travel,Business,347,3,5,3,2,3,4,4,2,2,3,5,4,2,5,0,0,neutral or dissatisfied
93804,Male,Loyal Customer,13,Personal Travel,Eco,577,3,5,3,4,4,3,4,4,5,2,4,5,4,4,32,21,neutral or dissatisfied
124783,Female,disloyal Customer,22,Business travel,Eco,541,3,4,3,1,4,3,4,4,3,5,2,1,4,4,0,0,neutral or dissatisfied
64376,Female,Loyal Customer,22,Personal Travel,Eco,956,3,5,3,1,4,3,4,4,NA,5,4,5,4,4,2,0,neutral or dissatisfied
6383,Female,disloyal Customer,22,Personal Travel,Eco,802,2,4,1,2,3,1,3,3,2,4,3,3,2,3,11,0,neutral or dissatisfied
2864,Female,disloyal Customer,19,Business travel,Eco,790,2,2,2,3,3,2,3,3,4,2,4,3,3,3,0,0,neutral or dissatisfied
99950,Female,Loyal Customer,24,Personal Travel,Eco,2583,4,3,4,3,5,4,5,5,3,5,3,2,2,5,0,0,neutral or dissatisfied
128864,Female,Loyal Customer,58,Personal Travel,Eco,228,2,4,2,1,4,4,4,5,5,2,5,5,5,3,0,0,neutral or dissatisfied
97883,Female,Loyal Customer,25,Personal Travel,Eco,349,2,2,2,3,5,2,5,5,4,4,4,3,3,5,31,27,neutral or dissatisfied
99905,Male,disloyal Customer,37,Business travel,Eco,1000,2,3,3,2,2,3,2,2,3,2,1,4,5,2,0,0,neutral or dissatisfied
88233,Male,disloyal Customer,20,Business travel,Eco,1149,2,2,2,2,3,2,3,3,4,4,4,3,5,3,80,67,neutral or dissatisfied
10800,Male,disloyal Customer,23,Business travel,Business,305,2,1,2,1,4,2,4,4,3,4,2,1,2,4,33,23,neutral or dissatisfied
126730,Male,Loyal Customer,41,Personal Travel,Eco,788,2,4,2,5,2,2,2,2,5,3,4,4,4,2,7,2,neutral or dissatisfied
65016,NA,disloyal Customer,34,Business travel,Business,920,1,1,1,1,5,1,5,5,3,4,5,3,5,5,81,120,neutral or dissatisfied
36936,Female,Loyal Customer,15,Business travel,Eco Plus,920,4,5,5,5,4,1,4,3,1,3,3,4,3,4,169,173,neutral or dissatisfied
59187,Male,Loyal Customer,24,Business travel,Business,2348,3,4,4,4,3,NA,3,3,1,3,1,3,2,3,8,17,neutral or dissatisfied
22752,Female,Loyal Customer,21,Business travel,Business,628,2,5,5,5,2,NA,2,2,1,1,4,4,4,2,1,8,neutral or dissatisfied
9359,Female,Loyal Customer,8,Personal Travel,Eco,197,2,4,2,3,4,2,4,4,4,3,5,4,4,4,0,1,neutral or dissatisfied
23810,Female,Loyal Customer,41,Business travel,Eco Plus,1299,2,4,4,4,2,4,3,2,2,2,2,3,2,3,0,0,neutral or dissatisfied
14986,Female,Loyal Customer,41,Personal Travel,Eco,366,2,5,4,3,2,4,2,2,3,4,1,1,4,2,0,0,neutral or dissatisfied
4008,NA,disloyal Customer,27,Business travel,Business,1576,2,2,2,3,3,2,4,3,4,2,5,5,4,3,0,0,neutral or dissatisfied
90921,Female,Loyal Customer,70,Business travel,Business,2207,3,1,2,1,4,4,3,3,3,3,3,4,3,3,5,3,neutral or dissatisfied
124487,NA,Loyal Customer,55,Business travel,Business,612,4,3,3,3,5,4,3,4,4,4,4,3,4,2,14,19,neutral or dissatisfied
67058,Female,Loyal Customer,64,Personal Travel,Eco,405,3,4,3,4,5,NA,5,1,1,3,1,3,1,4,0,0,neutral or dissatisfied
77131,Male,Loyal Customer,18,Business travel,Business,2935,2,4,4,4,1,1,2,1,2,3,4,2,3,1,0,0,neutral or dissatisfied
128713,NA,Loyal Customer,56,Personal Travel,Eco,438,1,3,1,3,3,1,3,3,1,3,2,4,4,3,0,0,neutral or dissatisfied
83889,Male,Loyal Customer,68,Personal Travel,Eco,265,4,2,4,4,5,NA,5,5,4,5,2,2,3,5,0,1,neutral or dissatisfied
74743,Female,Loyal Customer,49,Personal Travel,Eco,236,2,4,2,3,4,4,5,4,4,2,4,3,4,5,0,0,neutral or dissatisfied
108838,NA,Loyal Customer,17,Business travel,Eco Plus,370,3,3,3,3,3,3,4,3,1,2,3,4,3,3,12,14,neutral or dissatisfied
87360,Male,Loyal Customer,10,Personal Travel,Eco,1303,2,4,2,4,1,2,1,1,3,4,4,4,4,1,14,0,neutral or dissatisfied
126331,Male,Loyal Customer,49,Personal Travel,Eco,931,2,5,2,3,5,2,5,5,3,3,5,4,4,5,50,36,neutral or dissatisfied
64354,Male,Loyal Customer,47,Business travel,Business,2341,4,3,3,3,1,3,4,4,4,4,4,4,4,4,0,8,neutral or dissatisfied
65627,Female,disloyal Customer,22,Business travel,Eco,368,4,5,4,4,1,4,1,1,3,4,5,4,4,1,0,0,neutral or dissatisfied
11145,Male,Loyal Customer,9,Personal Travel,Eco,584,3,5,3,1,1,3,2,1,5,4,2,3,1,1,0,0,neutral or dissatisfied
71441,Female,Loyal Customer,32,Business travel,Business,1558,4,5,5,5,4,4,4,4,2,2,3,4,2,4,24,16,neutral or dissatisfied
106485,Female,Loyal Customer,63,Personal Travel,Business,2475,4,1,4,3,4,3,2,2,2,4,2,1,2,3,0,0,neutral or dissatisfied
52376,Male,Loyal Customer,47,Personal Travel,Eco,700,3,4,3,4,3,3,4,3,4,2,4,5,1,3,0,0,neutral or dissatisfied
76554,Female,disloyal Customer,40,Business travel,Business,689,1,1,1,4,5,1,5,5,3,4,3,2,4,5,0,0,neutral or dissatisfied
79577,NA,Loyal Customer,29,Business travel,Eco,2402,2,2,2,2,2,2,2,3,2,3,3,2,4,2,17,59,neutral or dissatisfied
51144,Female,disloyal Customer,25,Business travel,Business,551,2,4,2,1,1,2,1,1,4,3,5,5,4,1,5,8,neutral or dissatisfied
63158,Male,Loyal Customer,47,Business travel,Eco,599,1,2,5,2,1,1,1,1,1,3,3,3,3,1,96,85,neutral or dissatisfied
25453,NA,Loyal Customer,33,Personal Travel,Eco,528,3,4,3,2,2,3,2,2,3,2,5,4,5,2,25,77,neutral or dissatisfied
48589,NA,Loyal Customer,52,Business travel,Eco,986,2,1,1,1,4,4,4,2,2,2,2,3,2,3,0,0,neutral or dissatisfied
74579,Male,disloyal Customer,37,Business travel,Business,362,3,3,3,4,4,3,4,4,3,2,3,4,4,4,0,21,neutral or dissatisfied
107515,Male,Loyal Customer,19,Personal Travel,Business,237,2,5,2,1,2,2,2,2,3,3,5,4,4,2,0,0,neutral or dissatisfied
28862,Male,Loyal Customer,33,Business travel,Eco,1023,4,1,1,1,4,4,4,4,1,5,3,1,3,4,0,0,neutral or dissatisfied
2194,Female,Loyal Customer,47,Business travel,Business,3776,5,4,4,4,5,4,4,5,5,4,5,1,5,3,17,5,neutral or dissatisfied
56963,Male,disloyal Customer,26,Business travel,Business,717,3,3,3,4,1,3,2,1,5,3,5,5,4,1,0,0,neutral or dissatisfied
2978,NA,Loyal Customer,66,Personal Travel,Business,977,3,4,3,1,5,4,4,4,4,3,4,3,4,4,29,28,neutral or dissatisfied
108947,Female,disloyal Customer,22,Business travel,Eco,761,1,1,1,3,1,1,1,1,1,3,3,2,2,1,7,0,neutral or dissatisfied
26744,Male,Loyal Customer,68,Personal Travel,Eco,409,1,2,1,3,3,1,3,3,4,2,4,1,3,3,0,0,neutral or dissatisfied
94862,Male,Loyal Customer,58,Personal Travel,Eco,458,2,5,2,3,1,2,1,1,3,4,5,3,4,1,0,0,neutral or dissatisfied
30289,NA,Loyal Customer,45,Personal Travel,Eco,588,1,5,1,4,4,1,3,4,5,3,4,5,4,4,0,0,neutral or dissatisfied
14046,Male,Loyal Customer,49,Personal Travel,Eco,296,3,5,3,4,1,3,1,1,3,5,5,5,5,1,0,3,neutral or dissatisfied
98960,Female,Loyal Customer,45,Business travel,Business,337,4,1,1,1,5,4,4,4,4,4,4,3,4,2,0,22,neutral or dissatisfied
127866,Female,Loyal Customer,59,Personal Travel,Eco,683,3,5,3,3,2,4,5,1,1,3,1,4,1,5,0,0,neutral or dissatisfied
5509,Male,Loyal Customer,39,Personal Travel,Eco,2454,3,5,3,3,3,4,4,5,2,2,4,4,4,4,0,0,neutral or dissatisfied
111578,Male,Loyal Customer,37,Business travel,Business,1856,2,5,5,5,3,4,4,2,2,2,2,3,2,4,91,83,neutral or dissatisfied
15455,Female,Loyal Customer,9,Personal Travel,Eco,187,2,3,2,3,4,2,4,4,2,5,4,2,4,4,NA,0,neutral or dissatisfied
38239,Female,Loyal Customer,52,Personal Travel,Eco,414,4,4,4,5,1,4,4,3,3,4,3,3,3,2,0,0,neutral or dissatisfied
63160,NA,Loyal Customer,22,Personal Travel,Eco,250,2,5,2,2,3,2,3,3,NA,4,4,5,5,3,0,0,neutral or dissatisfied
20084,Male,Loyal Customer,25,Personal Travel,Eco Plus,101,2,1,2,3,5,2,5,5,1,5,3,1,3,5,0,0,neutral or dissatisfied
29109,Female,Loyal Customer,54,Personal Travel,Eco,544,2,4,2,3,2,NA,3,3,3,2,3,2,3,2,0,0,neutral or dissatisfied
1376,Female,Loyal Customer,66,Personal Travel,Eco,883,1,3,1,3,5,NA,4,5,5,1,5,2,5,3,44,52,neutral or dissatisfied
7215,Male,Loyal Customer,47,Business travel,Business,1189,2,1,1,1,5,4,3,2,2,2,2,3,2,2,0,7,neutral or dissatisfied
122241,NA,Loyal Customer,37,Business travel,Eco,391,4,1,1,1,4,4,4,4,4,2,2,3,2,4,6,0,neutral or dissatisfied
78728,Male,disloyal Customer,25,Business travel,Eco,169,3,0,3,4,3,3,3,3,1,3,5,2,2,3,15,NA,neutral or dissatisfied
32017,NA,Loyal Customer,23,Personal Travel,Eco Plus,1754,3,4,4,2,3,4,4,3,4,2,4,4,3,3,7,1,neutral or dissatisfied
76719,Male,disloyal Customer,39,Business travel,Eco,944,2,2,2,4,2,2,2,2,4,1,2,4,5,2,0,0,neutral or dissatisfied
72193,Male,Loyal Customer,15,Personal Travel,Eco,1189,3,5,3,2,1,3,1,1,4,2,5,4,5,1,0,0,neutral or dissatisfied
15285,Female,Loyal Customer,24,Business travel,Eco Plus,259,2,4,4,4,2,2,3,2,NA,2,3,1,3,2,0,0,neutral or dissatisfied
74556,Male,Loyal Customer,34,Personal Travel,Eco,231,3,4,3,4,1,3,5,1,4,5,4,4,4,1,4,0,neutral or dissatisfied
74953,Male,Loyal Customer,49,Personal Travel,Eco,972,2,5,2,5,5,NA,5,5,4,4,5,4,4,5,0,0,neutral or dissatisfied
40645,Female,disloyal Customer,35,Business travel,Business,342,2,2,2,4,1,2,1,1,3,5,5,3,5,1,4,1,neutral or dissatisfied
28394,Male,disloyal Customer,24,Business travel,Eco,386,2,3,1,4,3,1,4,3,3,4,3,2,4,3,0,0,neutral or dissatisfied
66663,Male,disloyal Customer,22,Business travel,Eco,542,3,4,3,4,5,3,5,5,1,3,3,1,3,5,0,0,neutral or dissatisfied
87208,Female,disloyal Customer,36,Business travel,Eco,298,4,2,4,4,3,4,3,3,4,3,3,1,3,3,0,0,neutral or dissatisfied
95503,Female,Loyal Customer,58,Business travel,Business,363,4,1,1,1,2,3,3,4,4,4,4,2,4,2,0,0,neutral or dissatisfied
74758,Female,Loyal Customer,21,Personal Travel,Eco,931,4,4,3,1,5,3,5,5,5,2,5,3,4,5,24,22,neutral or dissatisfied
107657,Female,Loyal Customer,42,Personal Travel,Business,814,3,1,2,3,5,3,4,2,2,2,4,2,2,2,0,0,neutral or dissatisfied
99612,Female,Loyal Customer,43,Personal Travel,Eco,67,1,4,1,3,3,5,4,4,4,1,4,5,4,3,0,0,neutral or dissatisfied
104932,NA,disloyal Customer,44,Business travel,Eco,391,1,5,2,3,4,2,4,4,5,2,1,1,1,4,0,2,neutral or dissatisfied
60147,NA,disloyal Customer,21,Business travel,Eco,341,3,4,3,2,4,3,4,4,2,5,4,3,2,4,0,0,neutral or dissatisfied
712,Male,Loyal Customer,33,Business travel,Business,236,1,3,3,3,1,1,1,1,4,1,4,1,4,1,2,0,neutral or dissatisfied
38065,Female,Loyal Customer,42,Business travel,Eco,816,3,1,1,1,1,3,4,3,3,3,3,2,3,4,0,0,neutral or dissatisfied
27163,Female,Loyal Customer,24,Personal Travel,Eco,337,4,1,4,3,1,4,5,1,3,2,3,4,3,1,0,0,neutral or dissatisfied
34769,NA,disloyal Customer,47,Business travel,Eco,56,3,3,3,3,1,3,1,1,3,4,3,1,3,1,36,26,neutral or dissatisfied
11512,Male,disloyal Customer,21,Business travel,Business,1185,2,4,2,3,4,2,4,4,3,3,4,4,3,4,0,0,neutral or dissatisfied
47861,Female,disloyal Customer,36,Business travel,Eco,359,3,1,3,4,3,3,3,3,3,1,4,3,4,3,42,35,neutral or dissatisfied
19185,NA,Loyal Customer,25,Business travel,Business,1500,2,2,2,2,2,2,2,2,2,4,2,4,1,2,53,44,neutral or dissatisfied
48608,NA,disloyal Customer,23,Business travel,Eco,292,3,2,3,3,4,3,4,4,4,2,4,4,3,4,111,113,neutral or dissatisfied
93851,NA,disloyal Customer,25,Business travel,Eco,948,3,3,3,4,5,3,5,5,1,5,3,4,3,5,5,2,neutral or dissatisfied
63376,Female,disloyal Customer,27,Business travel,Eco Plus,737,1,1,1,3,4,1,1,4,5,3,2,3,2,4,NA,NA,neutral or dissatisfied
80683,Female,Loyal Customer,47,Business travel,Business,3567,2,1,4,4,3,4,3,2,2,2,2,2,2,4,0,0,neutral or dissatisfied
16617,Male,Loyal Customer,58,Personal Travel,Eco,240,3,2,3,2,3,3,3,3,1,4,3,1,3,3,1,0,neutral or dissatisfied
109553,Female,Loyal Customer,12,Personal Travel,Business,337,3,4,3,1,5,3,5,5,4,3,4,4,5,5,0,0,neutral or dissatisfied
104323,Male,Loyal Customer,52,Personal Travel,Eco,125,3,5,3,2,3,3,2,3,3,5,2,1,3,3,0,0,neutral or dissatisfied
37877,Female,Loyal Customer,35,Business travel,Eco,1428,2,5,3,3,2,3,2,2,3,2,3,4,3,2,0,0,neutral or dissatisfied
